event,market,book,selection,opponent,bet_key,bet_odds,bet_dg_fair,bet_ev,bet_ts,close_odds,close_dg_fair,close_ts,pushed,graded,clv,beat,ev_close,graded_ts,bet_odds_american,close_odds_american
RBC Canadian Open,tournament_matchups,draftkings,"Fitzpatrick, Alex","Thorbjornsen, Michael",tournament_matchups draftkings 25362 26649,1.89,0.5563,0.053,2026-06-10 22:03:01.452912,1.89,0.5563,2026-06-11 11:51:04.269606,TRUE,FALSE,0,FALSE,0.051407,2026-06-11 11:51:04.269606,-112,-112
RBC Canadian Open,tournament_matchups,fanduel,"Fitzpatrick, Matt","Burns, Sam",tournament_matchups fanduel 17646 19483,1.9,0.545,0.0356,2026-06-10 22:03:01.452912,1.9,0.545,2026-06-11 11:51:04.269606,TRUE,FALSE,0,FALSE,0.0355000000000001,2026-06-11 11:51:04.269606,-111,-111
RBC Canadian Open,tournament_matchups,draftkings,"Meissner, Mac","Yellamaraju, Sudarshan",tournament_matchups draftkings 28159 29925,1.85,0.5592,0.033,2026-06-10 22:03:01.452912,1.85,0.5592,2026-06-11 11:51:04.269606,TRUE,FALSE,0,FALSE,0.0345200000000001,2026-06-11 11:51:04.269606,-118,-118
RBC Canadian Open,3_balls,fanduel,"Hojgaard, Nicolai","Yu, Kevin / Riley, Davis","3_balls fanduel 23602 17881,19872",2.05,0.5039,0.033,2026-06-10 22:03:01.452912,1.95,0.5039,2026-06-11 11:51:04.269606,TRUE,FALSE,0.0512820512820513,TRUE,0.0329949999999999,2026-06-11 11:51:04.269606,+105,-105
RBC Canadian Open,tournament_matchups,caesars,"Fleetwood, Tommy","Clark, Wyndham",tournament_matchups caesars 12294 23604,1.67,0.6178,0.0297,2026-06-10 22:03:01.452912,1.65,0.6178,2026-06-11 11:51:04.269606,TRUE,FALSE,0.0121212121212122,TRUE,0.0317259999999999,2026-06-11 11:51:04.269606,-149,-154
RBC Canadian Open,tournament_matchups,fanduel,"Fleetwood, Tommy","Clark, Wyndham",tournament_matchups fanduel 12294 23604,1.67,0.6178,0.0297,2026-06-10 22:03:01.452912,1.67,0.6178,2026-06-11 11:51:04.269606,TRUE,FALSE,0,FALSE,0.0317259999999999,2026-06-11 11:51:04.269606,-149,-149
RBC Canadian Open,3_balls,fanduel,"Hubbard, Mark","Dahmen, Joel / Keefer, Johnny","3_balls fanduel 16333 14509,32457",3.2,0.3212,0.0278,2026-06-10 22:03:01.452912,3.2,0.3212,2026-06-11 11:51:04.269606,TRUE,FALSE,0,FALSE,0.0278400000000001,2026-06-11 11:51:04.269606,+220,+220
RBC Canadian Open,3_balls,fanduel,"Cole, Eric","Thorbjornsen, Michael / Phillips, Chandler","3_balls fanduel 21756 26649,27164",2.45,0.4186,0.0256,2026-06-10 22:03:01.452912,2.45,0.4186,2026-06-11 11:51:04.269606,TRUE,FALSE,0,FALSE,0.0255700000000001,2026-06-11 11:51:04.269606,+145,+145
RBC Canadian Open,tournament_matchups,caesars,"Fitzpatrick, Matt","Burns, Sam",tournament_matchups caesars 17646 19483,1.91,0.545,0.0405,2026-06-11 02:03:47.54533,1.91,0.545,2026-06-11 11:51:04.269606,TRUE,FALSE,0,FALSE,0.04095,2026-06-11 11:51:04.269606,-110,-110
RBC Canadian Open,tournament_matchups,caesars,"Thorbjornsen, Michael","Hojgaard, Nicolai",tournament_matchups caesars 26649 23602,2.45,0.4282,0.0491,2026-06-11 07:09:16.301116,2.45,0.4282,2026-06-11 11:51:04.269606,TRUE,FALSE,0,FALSE,0.0490900000000001,2026-06-11 11:51:04.269606,+145,+145
RBC Canadian Open,tournament_matchups,caesars,"Mitchell, Keith","Hovland, Viktor",tournament_matchups caesars 17365 18841,2.2,0.4677,0.0289,2026-06-11 07:09:16.301116,2.2,0.4677,2026-06-11 11:51:04.269606,TRUE,FALSE,0,FALSE,0.0289400000000002,2026-06-11 11:51:04.269606,+120,+120
RBC Canadian Open,3_balls,draftkings,"Fox, Ryan","Taylor, Nick / Koepka, Brooks","3_balls draftkings 11889 13126,16243",3.15,0.336,0.0583,2026-06-12 05:19:31.767717,3.15,0.336,2026-06-12 05:19:31.767717,TRUE,FALSE,0,FALSE,0.0584,2026-06-12 05:19:31.767717,+215,+215
RBC Canadian Open,3_balls,betmgm,"Rai, Aaron","Rose, Justin / Morikawa, Collin","3_balls betmgm 18554 22085,6093",3,0.3518,0.0555,2026-06-12 05:19:31.767717,3,0.3518,2026-06-12 05:19:31.767717,TRUE,FALSE,0,FALSE,0.0554000000000001,2026-06-12 05:19:31.767717,+200,+200
RBC Canadian Open,3_balls,fanduel,"Rai, Aaron","Rose, Justin / Morikawa, Collin","3_balls fanduel 18554 22085,6093",3,0.3518,0.0555,2026-06-12 05:19:31.767717,3,0.3518,2026-06-12 05:19:31.767717,TRUE,FALSE,0,FALSE,0.0554000000000001,2026-06-12 05:19:31.767717,+200,+200
RBC Canadian Open,3_balls,bet365,"Harrington, Padraig","Grillo, Emiliano / Van Rooyen, Erik","3_balls bet365 5716 12808,17550",5.5,0.1909,0.05,2026-06-12 05:19:31.767717,5.5,0.1909,2026-06-12 05:19:31.767717,TRUE,FALSE,0,FALSE,0.0499499999999999,2026-06-12 05:19:31.767717,+450,+450
RBC Canadian Open,round_matchups,bet365,"Fox, Ryan","Potgieter, Aldrich",round_matchups bet365 11889 27900,1.91,0.5463,0.043,2026-06-12 05:19:31.767717,1.91,0.5463,2026-06-12 05:19:31.767717,TRUE,FALSE,0,FALSE,0.0434330000000001,2026-06-12 05:19:31.767717,-110,-110
RBC Canadian Open,round_matchups,draftkings,"Burns, Sam","Koepka, Brooks",round_matchups draftkings 19483 16243,1.75,0.5966,0.0418,2026-06-12 05:19:31.767717,1.75,0.5966,2026-06-12 05:19:31.767717,TRUE,FALSE,0,FALSE,0.0440499999999999,2026-06-12 05:19:31.767717,-133,-133
RBC Canadian Open,3_balls,bet365,"Fox, Ryan","Taylor, Nick / Koepka, Brooks","3_balls bet365 11889 13126,16243",3.1,0.336,0.0415,2026-06-12 05:19:31.767717,3.1,0.336,2026-06-12 05:19:31.767717,TRUE,FALSE,0,FALSE,0.0416000000000001,2026-06-12 05:19:31.767717,+210,+210
RBC Canadian Open,3_balls,fanduel,"Fox, Ryan","Taylor, Nick / Koepka, Brooks","3_balls fanduel 11889 13126,16243",3.1,0.336,0.0415,2026-06-12 05:19:31.767717,3.1,0.336,2026-06-12 05:19:31.767717,TRUE,FALSE,0,FALSE,0.0416000000000001,2026-06-12 05:19:31.767717,+210,+210
RBC Canadian Open,3_balls,bet365,"Nakajima, Keita","Crowe, Trace / Lew, Dawson","3_balls bet365 21074 27780,30040252",2.4,0.4329,0.039,2026-06-12 05:19:31.767717,2.4,0.4329,2026-06-12 05:19:31.767717,TRUE,FALSE,0,FALSE,0.0389599999999999,2026-06-12 05:19:31.767717,+140,+140
RBC Canadian Open,3_balls,draftkings,"Kohles, Ben","Dahmen, Joel / Keefer, Johnny","3_balls draftkings 16395 14509,32457",2.86,0.3626,0.0371,2026-06-12 05:19:31.767717,2.86,0.3626,2026-06-12 05:19:31.767717,TRUE,FALSE,0,FALSE,0.0370359999999998,2026-06-12 05:19:31.767717,+186,+186
RBC Canadian Open,3_balls,draftkings,"Bezuidenhout, Christiaan","Martin, Ben / Putnam, Andrew","3_balls draftkings 18103 14007,14704",2.3,0.4498,0.0344,2026-06-12 05:19:31.767717,2.3,0.4498,2026-06-12 05:19:31.767717,TRUE,FALSE,0,FALSE,0.0345399999999998,2026-06-12 05:19:31.767717,+130,+130
RBC Canadian Open,3_balls,bet365,"Parry, John","Rozo, Marcelo / O'Donovan, Declan","3_balls bet365 13764 16591,30717",2.25,0.4592,0.0333,2026-06-12 05:19:31.767717,2.25,0.4592,2026-06-12 05:19:31.767717,TRUE,FALSE,0,FALSE,0.0331999999999999,2026-06-12 05:19:31.767717,+125,+125
RBC Canadian Open,3_balls,bet365,"Dou, Zecheng","Ventura, Kris / McCulloch, Ashton","3_balls bet365 16757 15651,32260",2.37,0.435,0.0309,2026-06-12 05:19:31.767717,2.37,0.435,2026-06-12 05:19:31.767717,TRUE,FALSE,0,FALSE,0.03095,2026-06-12 05:19:31.767717,+137,+137
RBC Canadian Open,3_balls,draftkings,"Svensson, Adam","Olesen, Thorbjorn / Pavon, Matthieu","3_balls draftkings 13997 13412,19960",3,0.3436,0.0308,2026-06-12 05:19:31.767717,3,0.3436,2026-06-12 05:19:31.767717,TRUE,FALSE,0,FALSE,0.0308000000000002,2026-06-12 05:19:31.767717,+200,+200
RBC Canadian Open,3_balls,fanduel,"Svensson, Adam","Olesen, Thorbjorn / Pavon, Matthieu","3_balls fanduel 13997 13412,19960",3,0.3436,0.0308,2026-06-12 05:19:31.767717,3,0.3436,2026-06-12 05:19:31.767717,TRUE,FALSE,0,FALSE,0.0308000000000002,2026-06-12 05:19:31.767717,+200,+200
RBC Canadian Open,3_balls,fanduel,"Van Rooyen, Erik","Harrington, Padraig / Grillo, Emiliano","3_balls fanduel 17550 12808,5716",2.8,0.3678,0.0298,2026-06-12 05:19:31.767717,2.8,0.3678,2026-06-12 05:19:31.767717,TRUE,FALSE,0,FALSE,0.0298400000000001,2026-06-12 05:19:31.767717,+180,+180
RBC Canadian Open,3_balls,draftkings,"Rai, Aaron","Rose, Justin / Morikawa, Collin","3_balls draftkings 18554 22085,6093",2.92,0.3518,0.0273,2026-06-12 05:19:31.767717,2.92,0.3518,2026-06-12 05:19:31.767717,TRUE,FALSE,0,FALSE,0.0272559999999999,2026-06-12 05:19:31.767717,+192,+192
RBC Canadian Open,3_balls,bet365,"Fisk, Steven","Vegas, Jhonattan / Homa, Max","3_balls bet365 26657 13508,17538",2.75,0.3717,0.0221,2026-06-12 05:19:31.767717,2.75,0.3717,2026-06-12 05:19:31.767717,TRUE,FALSE,0,FALSE,0.0221749999999998,2026-06-12 05:19:31.767717,+175,+175
RBC Canadian Open,3_balls,draftkings,"James, Ben","Suber, Jackson / Shipley, Neal","3_balls draftkings 29827 29279,32055",2.72,0.3753,0.0208,2026-06-12 05:19:31.767717,2.72,0.3753,2026-06-12 05:19:31.767717,TRUE,FALSE,0,FALSE,0.0208160000000002,2026-06-12 05:19:31.767717,+172,+172
RBC Canadian Open,round_matchups,bet365,"Cauley, Bud","Brennan, Michael",round_matchups bet365 14502 29197,1.83,0.5564,0.0201,2026-06-12 05:19:31.767717,1.83,0.5564,2026-06-12 05:19:31.767717,TRUE,FALSE,0,FALSE,0.0182120000000001,2026-06-12 05:19:31.767717,-120,-120
RBC Canadian Open,round_matchups,betmgm,"Peterson, Paul","Silverman, Ben",round_matchups betmgm 16341 17381,1.95,0.5428,0.0584,2026-06-13 02:52:54.522518,1.95,0.5428,2026-06-13 02:52:54.522518,TRUE,FALSE,0,FALSE,0.05846,2026-06-13 02:52:54.522518,-105,-105
RBC Canadian Open,round_matchups,caesars,"Theegala, Sahith","Pendrith, Taylor",round_matchups caesars 23014 17780,2.15,0.4893,0.0521,2026-06-13 02:52:54.522518,2.15,0.4893,2026-06-13 02:52:54.522518,TRUE,FALSE,0,FALSE,0.051995,2026-06-13 02:52:54.522518,+115,+115
RBC Canadian Open,round_matchups,bet365,"Taylor, Nick","Ewart, A.J.",round_matchups bet365 13126 21883,1.74,0.6033,0.0498,2026-06-13 02:52:54.522518,1.74,0.6033,2026-06-13 02:52:54.522518,TRUE,FALSE,0,FALSE,0.049742,2026-06-13 02:52:54.522518,-135,-135
RBC Canadian Open,round_matchups,draftkings,"Hirata, Kensei","Ewart, A.J.",round_matchups draftkings 20954 21883,2.14,0.4881,0.0446,2026-06-13 02:52:54.522518,2.14,0.4881,2026-06-13 02:52:54.522518,TRUE,FALSE,0,FALSE,0.0445340000000001,2026-06-13 02:52:54.522518,+114,+114
RBC Canadian Open,round_matchups,draftkings,"Fox, Ryan","Koepka, Brooks",round_matchups draftkings 11889 16243,2.08,0.5018,0.0436,2026-06-13 02:52:54.522518,2.08,0.5018,2026-06-13 02:52:54.522518,TRUE,FALSE,0,FALSE,0.043744,2026-06-13 02:52:54.522518,+108,+108
RBC Canadian Open,round_matchups,draftkings,"James, Ben","Burns, Sam",round_matchups draftkings 29827 19483,2.58,0.4033,0.0406,2026-06-13 02:52:54.522518,2.58,0.4033,2026-06-13 02:52:54.522518,TRUE,FALSE,0,FALSE,0.0405139999999999,2026-06-13 02:52:54.522518,+158,+158
RBC Canadian Open,round_matchups,caesars,"Peterson, Paul","Silverman, Ben",round_matchups caesars 16341 17381,1.91,0.5428,0.0362,2026-06-13 02:52:54.522518,1.91,0.5428,2026-06-13 02:52:54.522518,TRUE,FALSE,0,FALSE,0.0367479999999998,2026-06-13 02:52:54.522518,-110,-110
RBC Canadian Open,round_matchups,draftkings,"Peterson, Paul","Silverman, Ben",round_matchups draftkings 16341 17381,1.91,0.5428,0.0362,2026-06-13 02:52:54.522518,1.91,0.5428,2026-06-13 02:52:54.522518,TRUE,FALSE,0,FALSE,0.0367479999999998,2026-06-13 02:52:54.522518,-110,-110
RBC Canadian Open,round_matchups,betmgm,"Kohles, Ben","Reitan, Kristoffer",round_matchups betmgm 16395 21407,2.6,0.3978,0.0343,2026-06-13 02:52:54.522518,2.6,0.3978,2026-06-13 02:52:54.522518,TRUE,FALSE,0,FALSE,0.0342800000000001,2026-06-13 02:52:54.522518,+160,+160
RBC Canadian Open,round_matchups,draftkings,"Pendrith, Taylor","Theegala, Sahith",round_matchups draftkings 17780 23014,2.02,0.5107,0.0316,2026-06-13 02:52:54.522518,2.02,0.5107,2026-06-13 02:52:54.522518,TRUE,FALSE,0,FALSE,0.031614,2026-06-13 02:52:54.522518,+102,+102
RBC Canadian Open,round_matchups,bet365,"Nakajima, Keita","Matthews, Justin",round_matchups bet365 21074 32259,1.7,0.6056,0.0296,2026-06-13 02:52:54.522518,1.7,0.6056,2026-06-13 02:52:54.522518,TRUE,FALSE,0,FALSE,0.02952,2026-06-13 02:52:54.522518,-143,-143
RBC Canadian Open,round_matchups,caesars,"Fox, Ryan","Koepka, Brooks",round_matchups caesars 11889 16243,2.05,0.5018,0.0286,2026-06-13 02:52:54.522518,2.05,0.5018,2026-06-13 02:52:54.522518,TRUE,FALSE,0,FALSE,0.0286899999999999,2026-06-13 02:52:54.522518,+105,+105
RBC Canadian Open,round_matchups,draftkings,"Hadwin, Adam","Thorbjornsen, Michael",round_matchups draftkings 13965 26649,2.52,0.4078,0.0278,2026-06-13 02:52:54.522518,2.52,0.4078,2026-06-13 02:52:54.522518,TRUE,FALSE,0,FALSE,0.0276559999999999,2026-06-13 02:52:54.522518,+152,+152
RBC Canadian Open,round_matchups,bet365,"Reitan, Kristoffer","Morikawa, Collin",round_matchups bet365 21407 22085,2.05,0.5008,0.0265,2026-06-13 02:52:54.522518,2.05,0.5008,2026-06-13 02:52:54.522518,TRUE,FALSE,0,FALSE,0.02664,2026-06-13 02:52:54.522518,+105,+105
RBC Canadian Open,round_matchups,draftkings,"Kohles, Ben","Reitan, Kristoffer",round_matchups draftkings 16395 21407,2.58,0.3978,0.0264,2026-06-13 02:52:54.522518,2.58,0.3978,2026-06-13 02:52:54.522518,TRUE,FALSE,0,FALSE,0.026324,2026-06-13 02:52:54.522518,+158,+158
RBC Canadian Open,round_matchups,draftkings,"Whaley, Vince","Taylor, Nick",round_matchups draftkings 25908 13126,2.48,0.4137,0.0259,2026-06-13 02:52:54.522518,2.48,0.4137,2026-06-13 02:52:54.522518,TRUE,FALSE,0,FALSE,0.025976,2026-06-13 02:52:54.522518,+148,+148
RBC Canadian Open,round_matchups,betmgm,"Hirata, Kensei","Ewart, A.J.",round_matchups betmgm 20954 21883,2.1,0.4881,0.0251,2026-06-13 02:52:54.522518,2.1,0.4881,2026-06-13 02:52:54.522518,TRUE,FALSE,0,FALSE,0.02501,2026-06-13 02:52:54.522518,+110,+110
RBC Canadian Open,round_matchups,caesars,"Hirata, Kensei","Ewart, A.J.",round_matchups caesars 20954 21883,2.1,0.4881,0.0251,2026-06-13 02:52:54.522518,2.1,0.4881,2026-06-13 02:52:54.522518,TRUE,FALSE,0,FALSE,0.02501,2026-06-13 02:52:54.522518,+110,+110
RBC Canadian Open,round_matchups,betmgm,"Pendrith, Taylor","Theegala, Sahith",round_matchups betmgm 17780 23014,2,0.5107,0.0213,2026-06-13 02:52:54.522518,2,0.5107,2026-06-13 02:52:54.522518,TRUE,FALSE,0,FALSE,0.0214000000000001,2026-06-13 02:52:54.522518,+100,+100
RBC Canadian Open,round_matchups,betmgm,"Hall, Harry","Anderson, Matthew",round_matchups betmgm 27194 26617,1.44,0.7221,0.0398,2026-06-13 06:56:03.147305,1.44,0.7221,2026-06-13 06:56:03.147305,TRUE,FALSE,0,FALSE,0.0398239999999999,2026-06-13 06:56:03.147305,-227,-227
RBC Canadian Open,round_matchups,betmgm,"Whaley, Vince","Taylor, Nick",round_matchups betmgm 25908 13126,2.5,0.4137,0.0342,2026-06-13 06:56:03.147305,2.5,0.4137,2026-06-13 06:56:03.147305,TRUE,FALSE,0,FALSE,0.0342500000000001,2026-06-13 06:56:03.147305,+150,+150
RBC Canadian Open,round_matchups,betmgm,"Lowry, Shane","MacIntyre, Robert",round_matchups betmgm 13900 23323,2.04,0.5055,0.0313,2026-06-13 06:56:03.147305,2.04,0.5055,2026-06-13 06:56:03.147305,TRUE,FALSE,0,FALSE,0.03122,2026-06-13 06:56:03.147305,+104,+104
RBC Canadian Open,round_matchups,betmgm,"Castillo, Ricky","Horschel, Billy",round_matchups betmgm 27819 11276,1.77,0.5823,0.0307,2026-06-13 06:56:03.147305,1.77,0.5823,2026-06-13 06:56:03.147305,TRUE,FALSE,0,FALSE,0.0306710000000001,2026-06-13 06:56:03.147305,-130,-130
RBC Canadian Open,round_matchups,betmgm,"Ghim, Doug","Fishburn, Patrick",round_matchups betmgm 24550 25094,1.7,0.6018,0.0231,2026-06-13 06:56:03.147305,1.7,0.6018,2026-06-13 06:56:03.147305,TRUE,FALSE,0,FALSE,0.0230600000000001,2026-06-13 06:56:03.147305,-143,-143
RBC Canadian Open,round_matchups,fanduel,"Whaley, Vince","Taylor, Nick",round_matchups fanduel 25908 13126,2.62,0.4137,0.0859,2026-06-13 11:51:58.073707,2.62,0.4137,2026-06-13 11:51:58.073707,TRUE,FALSE,0,FALSE,0.0838940000000001,2026-06-13 11:51:58.073707,+162,+162
RBC Canadian Open,round_matchups,fanduel,"Van Rooyen, Erik","Clanton, Luke",round_matchups fanduel 17550 32330,2.1,0.4932,0.0358,2026-06-13 11:51:58.073707,2.1,0.4932,2026-06-13 11:51:58.073707,TRUE,FALSE,0,FALSE,0.0357200000000002,2026-06-13 11:51:58.073707,+110,+110
RBC Canadian Open,round_matchups,fanduel,"Peterson, Paul","Silverman, Ben",round_matchups fanduel 16341 17381,1.9,0.5428,0.0313,2026-06-13 11:51:58.073707,1.9,0.5428,2026-06-13 11:51:58.073707,TRUE,FALSE,0,FALSE,0.0313199999999998,2026-06-13 11:51:58.073707,-111,-111
RBC Canadian Open,round_matchups,fanduel,"Hirata, Kensei","Ewart, A.J.",round_matchups fanduel 20954 21883,2.1,0.4881,0.0251,2026-06-13 11:51:58.073707,2.1,0.4881,2026-06-13 11:51:58.073707,TRUE,FALSE,0,FALSE,0.02501,2026-06-13 11:51:58.073707,+110,+110
RBC Canadian Open,round_matchups,bet365,"Li, Haotong","Suber, Jackson",round_matchups bet365 15310 29279,2.2,0.465,0.023,2026-06-13 11:51:58.073707,2.2,0.465,2026-06-13 11:51:58.073707,TRUE,FALSE,0,FALSE,0.0230000000000001,2026-06-13 11:51:58.073707,+120,+120
RBC Canadian Open,round_matchups,fanduel,"Nakajima, Keita","Matthews, Justin",round_matchups fanduel 21074 32259,1.53,0.6662,0.0215,2026-06-13 11:51:58.073707,1.53,0.6662,2026-06-13 11:51:58.073707,TRUE,FALSE,0,FALSE,0.0192860000000001,2026-06-13 11:51:58.073707,-189,-189
RBC Canadian Open,round_matchups,fanduel,"Pendrith, Taylor","Theegala, Sahith",round_matchups fanduel 17780 23014,2,0.5107,0.0213,2026-06-13 11:51:58.073707,2,0.5107,2026-06-13 11:51:58.073707,TRUE,FALSE,0,FALSE,0.0214000000000001,2026-06-13 11:51:58.073707,+100,+100
RBC Canadian Open,round_matchups,betmgm,"James, Ben","Burns, Sam",round_matchups betmgm 29827 19483,2.7,0.4033,0.089,2026-06-13 13:48:43.929509,2.7,0.4033,2026-06-13 13:48:43.929509,TRUE,FALSE,0,FALSE,0.0889100000000001,2026-06-13 13:48:43.929509,+170,+170
RBC Canadian Open,round_matchups,draftkings,"Tosti, Alejandro","Morikawa, Collin",round_matchups draftkings 17032 22085,3.35,0.3186,0.0673,2026-06-13 13:48:43.929509,3.35,0.3186,2026-06-13 13:48:43.929509,TRUE,FALSE,0,FALSE,0.06731,2026-06-13 13:48:43.929509,+235,+235
RBC Canadian Open,round_matchups,betmgm,"Li, Haotong","Suber, Jackson",round_matchups betmgm 15310 29279,2,0.52,0.04,2026-06-13 13:48:43.929509,2,0.52,2026-06-13 13:48:43.929509,TRUE,FALSE,0,FALSE,0.04,2026-06-13 13:48:43.929509,+100,+100
RBC Canadian Open,3_balls,fanduel,"McCarthy, Denny","Reitan, Kristoffer / Keefer, Johnny","3_balls fanduel 19870 21407,32457",3.7,0.2928,0.0833,2026-06-14 00:03:03.795403,3.7,0.2928,2026-06-14 00:03:03.795403,TRUE,FALSE,0,FALSE,0.0833600000000001,2026-06-14 00:03:03.795403,+270,+270
RBC Canadian Open,3_balls,draftkings,"Tosti, Alejandro","Hadwin, Adam / Morikawa, Collin","3_balls draftkings 17032 13965,22085",4.5,0.2387,0.0744,2026-06-14 00:03:03.795403,4.5,0.2387,2026-06-14 00:03:03.795403,TRUE,FALSE,0,FALSE,0.0741499999999999,2026-06-14 00:03:03.795403,+350,+350
RBC Canadian Open,3_balls,draftkings,"Neergaard-Petersen, Rasmus","Koepka, Brooks / Pavon, Matthieu","3_balls draftkings 23841 16243,19960",3.05,0.3487,0.0636,2026-06-14 00:03:03.795403,3.05,0.3487,2026-06-14 00:03:03.795403,TRUE,FALSE,0,FALSE,0.0635349999999999,2026-06-14 00:03:03.795403,+205,+205
RBC Canadian Open,3_balls,draftkings,"Hadwin, Adam","Tosti, Alejandro / Morikawa, Collin","3_balls draftkings 13965 17032,22085",3.55,0.2934,0.0416,2026-06-14 00:03:03.795403,3.55,0.2934,2026-06-14 00:03:03.795403,TRUE,FALSE,0,FALSE,0.0415699999999999,2026-06-14 00:03:03.795403,+255,+255
RBC Canadian Open,3_balls,caesars,"McCarthy, Denny","Reitan, Kristoffer / Keefer, Johnny","3_balls caesars 19870 21407,32457",3.55,0.2928,0.0394,2026-06-14 00:03:03.795403,3.55,0.2928,2026-06-14 00:03:03.795403,TRUE,FALSE,0,FALSE,0.0394399999999999,2026-06-14 00:03:03.795403,+255,+255
RBC Canadian Open,3_balls,draftkings,"Pavon, Matthieu","Koepka, Brooks / Neergaard-Petersen, Rasmus","3_balls draftkings 19960 16243,23841",3.85,0.2686,0.034,2026-06-14 00:03:03.795403,3.85,0.2686,2026-06-14 00:03:03.795403,TRUE,FALSE,0,FALSE,0.0341100000000001,2026-06-14 00:03:03.795403,+285,+285
RBC Canadian Open,3_balls,fanduel,"Hadwin, Adam","Tosti, Alejandro / Morikawa, Collin","3_balls fanduel 13965 17032,22085",3.5,0.2934,0.0269,2026-06-14 00:03:03.795403,3.5,0.2934,2026-06-14 00:03:03.795403,TRUE,FALSE,0,FALSE,0.0268999999999999,2026-06-14 00:03:03.795403,+250,+250
RBC Canadian Open,3_balls,fanduel,"Bridgeman, Jacob","Fox, Ryan / Burns, Sam","3_balls fanduel 29433 11889,19483",3.1,0.3291,0.0202,2026-06-14 00:03:03.795403,3.1,0.3291,2026-06-14 00:03:03.795403,TRUE,FALSE,0,FALSE,0.0202100000000001,2026-06-14 00:03:03.795403,+210,+210
RBC Canadian Open,3_balls,betmgm,"Tosti, Alejandro","Hadwin, Adam / Morikawa, Collin","3_balls betmgm 17032 13965,22085",4.5,0.2387,0.0744,2026-06-14 05:11:41.842691,4.5,0.2387,2026-06-14 05:11:41.842691,TRUE,FALSE,0,FALSE,0.0741499999999999,2026-06-14 05:11:41.842691,+350,+350
RBC Canadian Open,round_matchups,bet365,"Fitzpatrick, Matt","Clark, Wyndham",round_matchups bet365 17646 23604,1.8,0.5876,0.0576,2026-06-14 05:11:41.842691,1.8,0.5876,2026-06-14 05:11:41.842691,TRUE,FALSE,0,FALSE,0.05768,2026-06-14 05:11:41.842691,-125,-125
RBC Canadian Open,3_balls,bet365,"Kohles, Ben","Kim, Tom / Shipley, Neal","3_balls bet365 16395 24766,32055",3.1,0.3383,0.0488,2026-06-14 05:11:41.842691,3.1,0.3383,2026-06-14 05:11:41.842691,TRUE,FALSE,0,FALSE,0.0487299999999999,2026-06-14 05:11:41.842691,+210,+210
RBC Canadian Open,3_balls,bet365,"Moore, Taylor","Anderson, Matthew / Matthews, Justin","3_balls bet365 21944 26617,32259",2,0.5226,0.0452,2026-06-14 05:11:41.842691,2,0.5226,2026-06-14 05:11:41.842691,TRUE,FALSE,0,FALSE,0.0451999999999999,2026-06-14 05:11:41.842691,+100,+100
RBC Canadian Open,round_matchups,bet365,"Garnett, Brice","Suber, Jackson",round_matchups bet365 11451 29279,2.35,0.4446,0.0449,2026-06-14 05:11:41.842691,2.35,0.4446,2026-06-14 05:11:41.842691,TRUE,FALSE,0,FALSE,0.04481,2026-06-14 05:11:41.842691,+135,+135
RBC Canadian Open,round_matchups,bet365,"Neergaard-Petersen, Rasmus","Van Rooyen, Erik",round_matchups bet365 23841 17550,1.74,0.5999,0.0442,2026-06-14 05:11:41.842691,1.74,0.5999,2026-06-14 05:11:41.842691,TRUE,FALSE,0,FALSE,0.0438259999999999,2026-06-14 05:11:41.842691,-135,-135
RBC Canadian Open,3_balls,betmgm,"Pavon, Matthieu","Koepka, Brooks / Neergaard-Petersen, Rasmus","3_balls betmgm 19960 16243,23841",3.85,0.2686,0.034,2026-06-14 05:11:41.842691,3.85,0.2686,2026-06-14 05:11:41.842691,TRUE,FALSE,0,FALSE,0.0341100000000001,2026-06-14 05:11:41.842691,+285,+285
RBC Canadian Open,3_balls,bet365,"Cauley, Bud","Clark, Wyndham / Suber, Jackson","3_balls bet365 14502 23604,29279",2.8,0.3691,0.0334,2026-06-14 05:11:41.842691,2.8,0.3691,2026-06-14 05:11:41.842691,TRUE,FALSE,0,FALSE,0.03348,2026-06-14 05:11:41.842691,+180,+180
RBC Canadian Open,round_matchups,bet365,"Pendrith, Taylor","Potgieter, Aldrich",round_matchups bet365 17780 27900,1.83,0.5623,0.0308,2026-06-14 05:11:41.842691,1.83,0.5623,2026-06-14 05:11:41.842691,TRUE,FALSE,0,FALSE,0.0290090000000001,2026-06-14 05:11:41.842691,-120,-120
RBC Canadian Open,round_matchups,bet365,"Theegala, Sahith","Yellamaraju, Sudarshan",round_matchups bet365 23014 29925,2,0.5129,0.0257,2026-06-14 05:11:41.842691,2,0.5129,2026-06-14 05:11:41.842691,TRUE,FALSE,0,FALSE,0.0258,2026-06-14 05:11:41.842691,+100,+100
RBC Canadian Open,round_matchups,bet365,"Skinns, David","Svensson, Jesper",round_matchups bet365 10873 26850,2.1,0.4869,0.0225,2026-06-14 05:11:41.842691,2.1,0.4869,2026-06-14 05:11:41.842691,TRUE,FALSE,0,FALSE,0.0224900000000001,2026-06-14 05:11:41.842691,+110,+110
RBC Canadian Open,round_matchups,bet365,"Homa, Max","Horschel, Billy",round_matchups bet365 17538 11276,1.83,0.5576,0.0223,2026-06-14 05:11:41.842691,1.83,0.5576,2026-06-14 05:11:41.842691,TRUE,FALSE,0,FALSE,0.020408,2026-06-14 05:11:41.842691,-120,-120
RBC Canadian Open,round_matchups,bet365,"Clanton, Luke","Stanger, Jimmy",round_matchups bet365 32330 23048,1.91,0.5354,0.0221,2026-06-14 05:11:41.842691,1.91,0.5354,2026-06-14 05:11:41.842691,TRUE,FALSE,0,FALSE,0.0226139999999999,2026-06-14 05:11:41.842691,-110,-110
RBC Canadian Open,3_balls,fanduel,"Moore, Taylor","Anderson, Matthew / Matthews, Justin","3_balls fanduel 21944 26617,32259",1.95,0.5226,0.0204,2026-06-14 05:11:41.842691,1.95,0.5226,2026-06-14 05:11:41.842691,TRUE,FALSE,0,FALSE,0.0190699999999999,2026-06-14 05:11:41.842691,-105,-105
RBC Canadian Open,round_matchups,fanduel,"Hossler, Beau","Grillo, Emiliano",round_matchups fanduel 15470 12808,2,0.5378,0.0755,2026-06-14 11:27:43.743654,2,0.5378,2026-06-14 11:27:43.743654,TRUE,FALSE,0,FALSE,0.0755999999999999,2026-06-14 11:27:43.743654,+100,+100
RBC Canadian Open,3_balls,fanduel,"Cauley, Bud","Clark, Wyndham / Suber, Jackson","3_balls fanduel 14502 23604,29279",2.8,0.3691,0.0334,2026-06-14 11:27:43.743654,2.8,0.3691,2026-06-14 11:27:43.743654,TRUE,FALSE,0,FALSE,0.03348,2026-06-14 11:27:43.743654,+180,+180
U.S. Open,tournament_matchups,caesars,"Kim, Si Woo","Rose, Justin",tournament_matchups caesars 14609 6093,1.74,0.6144,0.0696,2026-06-15 18:14:30.161827,1.56,0.6202,2026-06-18 11:07:53.756948,TRUE,FALSE,0.115384615384615,TRUE,0.079148,2026-06-18 11:07:53.756948,-135,-179
U.S. Open,tournament_matchups,bet365,"Fitzpatrick, Matt","DeChambeau, Bryson",tournament_matchups bet365 17646 19841,1.75,0.6028,0.0526,2026-06-15 18:14:30.161827,1.62,0.6008,2026-06-18 11:07:53.756948,TRUE,FALSE,0.0802469135802468,TRUE,0.0514000000000001,2026-06-18 11:07:53.756948,-133,-161
U.S. Open,tournament_matchups,caesars,"Schauffele, Xander","Young, Cameron",tournament_matchups caesars 19895 26651,1.87,0.5612,0.0493,2026-06-15 18:14:30.161827,1.77,0.5535,2026-06-18 11:07:53.756948,TRUE,FALSE,0.0564971751412431,TRUE,0.035045,2026-06-18 11:07:53.756948,-115,-130
U.S. Open,tournament_matchups,caesars,"Fitzpatrick, Matt","Rahm, Jon",tournament_matchups caesars 17646 19195,2.1,0.4979,0.0456,2026-06-15 18:14:30.161827,1.87,0.4987,2026-06-18 11:07:53.756948,TRUE,FALSE,0.122994652406417,TRUE,0.0472699999999999,2026-06-18 11:07:53.756948,+110,-115
U.S. Open,tournament_matchups,caesars,"Cantlay, Patrick","Matsuyama, Hideki",tournament_matchups caesars 15466 13562,1.8,0.5762,0.0372,2026-06-15 18:14:30.161827,1.65,0.5739,2026-06-18 11:07:53.756948,TRUE,FALSE,0.090909090909091,TRUE,0.0330200000000001,2026-06-18 11:07:53.756948,-125,-154
U.S. Open,tournament_matchups,betmgm,"Burns, Sam","Thomas, Justin",tournament_matchups betmgm 19483 14139,1.9,0.5388,0.0237,2026-06-15 18:14:30.161827,1.8,0.548,2026-06-18 11:07:53.756948,TRUE,FALSE,0.0555555555555556,TRUE,0.0412000000000001,2026-06-18 11:07:53.756948,-111,-125
U.S. Open,tournament_matchups,bet365,"Henley, Russell","Aberg, Ludvig",tournament_matchups bet365 14578 23950,2.2,0.4637,0.0201,2026-06-16 02:12:28.958894,2.1,0.4561,2026-06-18 11:07:53.756948,TRUE,FALSE,0.0476190476190477,TRUE,0.0034200000000002,2026-06-18 11:07:53.756948,+120,+110
U.S. Open,tournament_matchups,betmgm,"Fowler, Rickie","Smith, Cameron",tournament_matchups betmgm 12965 15856,1.95,0.5423,0.0575,2026-06-16 12:50:02.859766,1.95,0.5416,2026-06-18 11:07:53.756948,TRUE,FALSE,0,FALSE,0.05612,2026-06-18 11:07:53.756948,-105,-105
U.S. Open,tournament_matchups,fanduel,"Kim, Si Woo","Rose, Justin",tournament_matchups fanduel 14609 6093,1.67,0.6144,0.024,2026-06-16 12:50:02.859766,1.62,0.6202,2026-06-18 11:07:53.756948,TRUE,FALSE,0.0308641975308641,TRUE,0.0357339999999999,2026-06-18 11:07:53.756948,-149,-161
U.S. Open,3_balls,fanduel,"Kimsey, Nathan","Dossey, Cooper / Herrington, Jackson","3_balls fanduel 18027 29347,35015",2.45,0.4359,0.068,2026-06-16 18:00:32.963898,2.45,0.4359,2026-06-16 18:00:32.963898,TRUE,FALSE,0,FALSE,0.0679550000000002,2026-06-18 11:07:53.756948,+145,+145
U.S. Open,3_balls,fanduel,"Dossey, Cooper","Kimsey, Nathan / Herrington, Jackson","3_balls fanduel 29347 18027,35015",2.45,0.4277,0.0479,2026-06-16 18:00:32.963898,2.45,0.4277,2026-06-16 18:00:32.963898,TRUE,FALSE,0,FALSE,0.0478650000000001,2026-06-18 11:07:53.756948,+145,+145
U.S. Open,3_balls,fanduel,"Mitchell, Keith","McDowell, Graeme / Rodgers, Patrick","3_balls fanduel 17365 16283,7548",2.25,0.465,0.0462,2026-06-16 18:00:32.963898,2.1,0.467,2026-06-18 11:07:53.756948,TRUE,FALSE,0.0714285714285714,TRUE,0.0507500000000001,2026-06-18 11:07:53.756948,+125,+110
U.S. Open,3_balls,fanduel,"Lee, Min Woo","Ortiz, Carlos / Bhatia, Akshay","3_balls fanduel 16841 14735,26096",2.35,0.4427,0.0403,2026-06-16 18:00:32.963898,2.15,0.4456,2026-06-18 11:07:53.756948,TRUE,FALSE,0.0930232558139537,TRUE,0.0471600000000001,2026-06-18 11:07:53.756948,+135,+115
U.S. Open,tournament_matchups,caesars,"Griffin, Ben","Smalley, Alex",tournament_matchups caesars 24968 18474,1.83,0.5637,0.0335,2026-06-16 18:00:32.963898,1.77,0.5614,2026-06-18 11:07:53.756948,TRUE,FALSE,0.0338983050847459,TRUE,0.0273620000000001,2026-06-18 11:07:53.756948,-120,-130
U.S. Open,round_matchups,fanduel,"MacIntyre, Robert","Rose, Justin",round_matchups fanduel 23323 6093,2,0.5138,0.0277,2026-06-16 18:00:32.963898,2,0.516,2026-06-18 11:07:53.756948,TRUE,FALSE,0,FALSE,0.032,2026-06-18 11:07:53.756948,+100,+100
U.S. Open,3_balls,fanduel,"Yellamaraju, Sudarshan","Norgaard, Niklas / Repetto Taylor, Rocco Paolo","3_balls fanduel 29925 15676,31235",2,0.5134,0.0269,2026-06-16 18:00:32.963898,1.95,0.5097,2026-06-18 11:07:53.756948,TRUE,FALSE,0.0256410256410258,TRUE,0.0194000000000001,2026-06-18 11:07:53.756948,+100,-105
U.S. Open,tournament_matchups,draftkings,"Fitzpatrick, Matt","Clark, Wyndham",tournament_matchups draftkings 17646 23604,1.57,0.6548,0.0268,2026-06-16 18:00:32.963898,1.57,0.6559,2026-06-18 11:07:53.756948,TRUE,FALSE,0,FALSE,0.0297630000000002,2026-06-18 11:07:53.756948,-175,-175
U.S. Open,tournament_matchups,draftkings,"Fleetwood, Tommy","Young, Cameron",tournament_matchups draftkings 12294 26651,1.88,0.5469,0.0267,2026-06-16 18:00:32.963898,1.87,0.5463,2026-06-18 11:07:53.756948,TRUE,FALSE,0.0053475935828875,TRUE,0.0270439999999998,2026-06-18 11:07:53.756948,-114,-115
U.S. Open,3_balls,caesars,"Dossey, Cooper","Kimsey, Nathan / Herrington, Jackson","3_balls caesars 29347 18027,35015",2.4,0.4277,0.0265,2026-06-16 18:00:32.963898,2.4,0.4277,2026-06-16 21:13:42.999979,TRUE,FALSE,0,FALSE,0.0264800000000001,2026-06-18 11:07:53.756948,+140,+140
U.S. Open,tournament_matchups,caesars,"Kim, Tom","Im, Sungjae",tournament_matchups caesars 24766 17488,2,0.5121,0.0242,2026-06-16 18:00:32.963898,2,0.5202,2026-06-18 11:07:53.756948,TRUE,FALSE,0,FALSE,0.0404,2026-06-18 11:07:53.756948,+100,+100
U.S. Open,3_balls,caesars,"Coussaud, Ugo","Saddier, Adrien / Van Paris, Jackson","3_balls caesars 20727 14792,31955",2.7,0.3787,0.0226,2026-06-16 18:00:32.963898,2.7,0.3787,2026-06-16 21:13:42.999979,TRUE,FALSE,0,FALSE,0.0224900000000001,2026-06-18 11:07:53.756948,+170,+170
U.S. Open,tournament_matchups,fanduel,"MacIntyre, Robert","Niemann, Joaquin",tournament_matchups fanduel 23323 18079,1.9,0.5382,0.0225,2026-06-16 18:00:32.963898,1.73,0.5423,2026-06-18 11:07:53.756948,TRUE,FALSE,0.0982658959537572,TRUE,0.03037,2026-06-18 11:07:53.756948,-111,-137
U.S. Open,round_matchups,fanduel,"Henley, Russell","DeChambeau, Bryson",round_matchups fanduel 14578 19841,1.9,0.5378,0.0219,2026-06-16 18:00:32.963898,1.8,0.5385,2026-06-18 11:07:53.756948,TRUE,FALSE,0.0555555555555556,TRUE,0.02315,2026-06-18 11:07:53.756948,-111,-125
U.S. Open,tournament_matchups,draftkings,"MacIntyre, Robert","Rose, Justin",tournament_matchups draftkings 23323 6093,1.95,0.5234,0.0218,2026-06-16 18:00:32.963898,1.98,0.5269,2026-06-18 11:07:53.756948,TRUE,FALSE,-0.0151515151515151,FALSE,0.027455,2026-06-18 11:07:53.756948,-105,-102
U.S. Open,3_balls,fanduel,"Spaun, J.J.","Scheffler, Scottie / Howell, Mason","3_balls fanduel 17536 18417,33759",3.1,0.3291,0.0202,2026-06-16 18:00:32.963898,2.9,0.3287,2026-06-18 11:07:53.756948,TRUE,FALSE,0.0689655172413795,TRUE,0.0189699999999999,2026-06-18 11:07:53.756948,+210,+190
U.S. Open,tournament_matchups,fanduel,"DeChambeau, Bryson","Koepka, Brooks",tournament_matchups fanduel 19841 16243,2,0.5188,0.0375,2026-06-16 21:13:42.999979,1.8,0.5226,2026-06-18 11:07:53.756948,TRUE,FALSE,0.111111111111111,TRUE,0.0451999999999999,2026-06-18 11:07:53.756948,+100,-125
U.S. Open,tournament_matchups,caesars,"MacIntyre, Robert","Niemann, Joaquin",tournament_matchups caesars 23323 18079,1.91,0.5382,0.0274,2026-06-16 22:58:28.933547,1.74,0.5423,2026-06-18 11:07:53.756948,TRUE,FALSE,0.0977011494252873,TRUE,0.035793,2026-06-18 11:07:53.756948,-110,-135
U.S. Open,tournament_matchups,draftkings,"Bradley, Keegan","Smith, Cameron",tournament_matchups draftkings 13872 15856,1.83,0.5585,0.0239,2026-06-17 05:21:08.755772,1.87,0.5604,2026-06-18 11:07:53.756948,TRUE,FALSE,-0.0213903743315508,FALSE,0.0255320000000001,2026-06-18 11:07:53.756948,-120,-115
U.S. Open,tournament_matchups,fanduel,"Morikawa, Collin","Hatton, Tyrrell",tournament_matchups fanduel 22085 14796,1.91,0.5356,0.0225,2026-06-17 05:21:08.755772,1.91,0.5437,2026-06-18 11:07:53.756948,TRUE,FALSE,0,FALSE,0.0384669999999998,2026-06-18 11:07:53.756948,-110,-110
U.S. Open,3_balls,bet365,"Schaper, Jayden","Suber, Jackson / Fang, Ethan","3_balls bet365 26991 29279,34025",2.37,0.4483,0.0625,2026-06-17 14:05:50.649022,2.2,0.445,2026-06-18 11:07:53.756948,TRUE,FALSE,0.0772727272727272,TRUE,0.0546500000000001,2026-06-18 11:07:53.756948,+137,+120
U.S. Open,3_balls,bet365,"Dossey, Cooper","Kimsey, Nathan / Herrington, Jackson","3_balls bet365 29347 18027,35015",2.4,0.4277,0.0265,2026-06-17 14:05:50.649022,2.37,0.4284,2026-06-18 11:07:53.756948,TRUE,FALSE,0.0126582278481011,TRUE,0.02816,2026-06-18 11:07:53.756948,+140,+137
U.S. Open,3_balls,bet365,"Puebla, Giuseppe","Kim, T.K. / Fleming, Marek","3_balls bet365 33280 18349,30042928",2.05,0.5311,0.0887,2026-06-17 19:52:29.847415,1.87,0.5311,2026-06-18 11:07:53.756948,TRUE,FALSE,0.0962566844919786,TRUE,0.0887549999999999,2026-06-18 11:07:53.756948,+105,-115
U.S. Open,3_balls,bet365,"Pulcini, Mateo","Hidalgo Portillo, Angel / Tibbits, Spencer","3_balls bet365 35013 24127,26650",3.75,0.2864,0.0741,2026-06-17 19:52:29.847415,3.75,0.2864,2026-06-18 11:07:53.756948,TRUE,FALSE,0,FALSE,0.0739999999999998,2026-06-18 11:07:53.756948,+275,+275
U.S. Open,3_balls,bet365,"Hammer, Cole","Hardy, Nick / Schoenberger, Jack","3_balls bet365 19864 19865,30039809",2.2,0.4844,0.0657,2026-06-17 19:52:29.847415,2,0.4844,2026-06-18 11:07:53.756948,TRUE,FALSE,0.1,TRUE,0.0656800000000002,2026-06-18 11:07:53.756948,+120,+100
U.S. Open,3_balls,bet365,"Shah, Manav","Sollon, Jake / Robles, Matt","3_balls bet365 21901 30039992,30528",3.1,0.3395,0.0524,2026-06-17 19:52:29.847415,3.1,0.3395,2026-06-18 11:07:53.756948,TRUE,FALSE,0,FALSE,0.0524500000000001,2026-06-18 11:07:53.756948,+210,+210
U.S. Open,3_balls,bet365,"Yellamaraju, Sudarshan","Norgaard, Niklas / Repetto Taylor, Rocco Paolo","3_balls bet365 29925 15676,31235",2.05,0.5097,0.0448,2026-06-17 19:52:29.847415,2.05,0.5097,2026-06-18 11:07:53.756948,TRUE,FALSE,0,FALSE,0.0448850000000001,2026-06-18 11:07:53.756948,+105,+105
U.S. Open,3_balls,bet365,"Koivun, Jackson","Kim, Michael / Theegala, Sahith","3_balls bet365 32319 17543,23014",3,0.3473,0.0418,2026-06-17 19:52:29.847415,3,0.3473,2026-06-18 11:07:53.756948,TRUE,FALSE,0,FALSE,0.0419000000000001,2026-06-18 11:07:53.756948,+200,+200
U.S. Open,tournament_matchups,draftkings,"Schauffele, Xander","Rahm, Jon",tournament_matchups draftkings 19895 19195,2.04,0.5034,0.027,2026-06-17 19:52:29.847415,2.08,0.5034,2026-06-18 11:07:53.756948,TRUE,FALSE,-0.0192307692307693,FALSE,0.0269359999999999,2026-06-18 11:07:53.756948,+104,+108
U.S. Open,3_balls,fanduel,"Kim, Si Woo","Hatton, Tyrrell / Burns, Sam","3_balls fanduel 14609 14796,19483",2.75,0.3717,0.0221,2026-06-17 19:52:29.847415,2.7,0.3717,2026-06-18 11:07:53.756948,TRUE,FALSE,0.0185185185185184,TRUE,0.0221749999999998,2026-06-18 11:07:53.756948,+175,+170
U.S. Open,3_balls,bet365,"Hisatsune, Ryo","Fox, Ryan / Conners, Corey","3_balls bet365 22760 11889,17576",3.1,0.3296,0.0219,2026-06-17 19:52:29.847415,3.1,0.3296,2026-06-18 11:07:53.756948,TRUE,FALSE,0,FALSE,0.02176,2026-06-18 11:07:53.756948,+210,+210
U.S. Open,tournament_matchups,caesars,"Hojgaard, Nicolai","Straka, Sepp",tournament_matchups caesars 23602 17511,1.95,0.5228,0.0206,2026-06-17 19:52:29.847415,1.95,0.5228,2026-06-18 11:07:53.756948,TRUE,FALSE,0,FALSE,0.01946,2026-06-18 11:07:53.756948,-105,-105
U.S. Open,tournament_matchups,caesars,"Spaun, J.J.","Reed, Patrick",tournament_matchups caesars 17536 14838,2.05,0.5141,0.0539,2026-06-17 23:07:04.549868,1.95,0.5141,2026-06-18 11:07:53.756948,TRUE,FALSE,0.0512820512820513,TRUE,0.0539049999999999,2026-06-18 11:07:53.756948,+105,-105
U.S. Open,tournament_matchups,caesars,"Johnson, Dustin","Smith, Cameron",tournament_matchups caesars 12422 15856,1.95,0.5234,0.0219,2026-06-17 23:07:04.549868,1.95,0.5234,2026-06-18 11:07:53.756948,TRUE,FALSE,0,FALSE,0.0206299999999999,2026-06-18 11:07:53.756948,-105,-105
U.S. Open,round_matchups,draftkings,"Burns, Sam","McIlroy, Rory",round_matchups draftkings 19483 10091,2.38,0.4327,0.0298,2026-06-18 01:45:21.791405,2.38,0.4327,2026-06-18 11:07:53.756948,TRUE,FALSE,0,FALSE,0.0298259999999999,2026-06-18 11:07:53.756948,+138,+138
U.S. Open,tournament_matchups,caesars,"Thomas, Justin","Clark, Wyndham",tournament_matchups caesars 14139 23604,2.05,0.5177,0.0612,2026-06-18 06:48:30.216406,2.05,0.5177,2026-06-18 11:07:53.756948,TRUE,FALSE,0,FALSE,0.061285,2026-06-18 11:07:53.756948,+105,+105
U.S. Open,3_balls,bet365,"Fleming, Marek","Kim, T.K. / Puebla, Giuseppe","3_balls bet365 30042928 18349,33280",3.3,0.3168,0.0454,2026-06-18 06:48:30.216406,3.3,0.3168,2026-06-18 11:07:53.756948,TRUE,FALSE,0,FALSE,0.0454399999999999,2026-06-18 11:07:53.756948,+230,+230
U.S. Open,tournament_matchups,fanduel,"Hovland, Viktor","Gotterup, Chris",tournament_matchups fanduel 18841 27774,2,0.5279,0.0557,2026-06-18 11:07:53.756948,2,0.5279,2026-06-18 11:07:53.756948,TRUE,FALSE,0,FALSE,0.0558000000000001,2026-06-18 11:07:53.756948,+100,+100
U.S. Open,tournament_matchups,fanduel,"Spaun, J.J.","Reed, Patrick",tournament_matchups fanduel 17536 14838,2,0.5141,0.0282,2026-06-18 11:07:53.756948,2,0.5141,2026-06-18 11:07:53.756948,TRUE,FALSE,0,FALSE,0.0282,2026-06-18 11:07:53.756948,+100,+100
U.S. Open,3_balls,bet365,"Cantlay, Patrick","Horschel, Billy / Poston, J.T.","3_balls bet365 15466 11276,21554",2.37,0.4617,0.0943,2026-06-19 05:28:19.005014,2.37,0.4617,2026-06-19 05:28:19.005014,TRUE,FALSE,0,FALSE,0.0942290000000001,2026-06-19 05:28:19.005014,+137,+137
U.S. Open,3_balls,bet365,"Lee, Min Woo","Ortiz, Carlos / Bhatia, Akshay","3_balls bet365 16841 14735,26096",2.5,0.4317,0.0794,2026-06-19 05:28:19.005014,2.5,0.4317,2026-06-19 05:28:19.005014,TRUE,FALSE,0,FALSE,0.07925,2026-06-19 05:28:19.005014,+150,+150
U.S. Open,3_balls,betmgm,"Schaper, Jayden","Suber, Jackson / Fang, Ethan","3_balls betmgm 26991 29279,34025",2.4,0.4424,0.0618,2026-06-19 05:28:19.005014,2.4,0.4424,2026-06-19 05:28:19.005014,TRUE,FALSE,0,FALSE,0.06176,2026-06-19 05:28:19.005014,+140,+140
U.S. Open,3_balls,bet365,"Coussaud, Ugo","Saddier, Adrien / Van Paris, Jackson","3_balls bet365 20727 14792,31955",3,0.3536,0.0609,2026-06-19 05:28:19.005014,3,0.3536,2026-06-19 05:28:19.005014,TRUE,FALSE,0,FALSE,0.0608,2026-06-19 05:28:19.005014,+200,+200
U.S. Open,3_balls,bet365,"Ormond, Jackson","Holmes, J.B. / Celli, Filippo","3_balls bet365 35389 23549,7959",5.5,0.1905,0.0479,2026-06-19 05:28:19.005014,5.5,0.1905,2026-06-19 05:28:19.005014,TRUE,FALSE,0,FALSE,0.04775,2026-06-19 05:28:19.005014,+450,+450
U.S. Open,3_balls,bet365,"Holtz, Brandon","Oiwa, Ryuichi / Wu, Dylan","3_balls bet365 35014 20761,25002",6,0.1745,0.0468,2026-06-19 05:28:19.005014,6,0.1745,2026-06-19 05:28:19.005014,TRUE,FALSE,0,FALSE,0.0469999999999999,2026-06-19 05:28:19.005014,+500,+500
U.S. Open,3_balls,bet365,"Spieth, Jordan","Rose, Justin / Rahm, Jon","3_balls bet365 14636 19195,6093",3.75,0.2788,0.0456,2026-06-19 05:28:19.005014,3.75,0.2788,2026-06-19 05:28:19.005014,TRUE,FALSE,0,FALSE,0.0454999999999999,2026-06-19 05:28:19.005014,+275,+275
U.S. Open,3_balls,bet365,"Du Plessis, Hennie","Mouw, William / Cowan, Ryder","3_balls bet365 19421 29770,30035557",3.3,0.3164,0.044,2026-06-19 05:28:19.005014,3.3,0.3164,2026-06-19 05:28:19.005014,TRUE,FALSE,0,FALSE,0.0441199999999999,2026-06-19 05:28:19.005014,+230,+230
U.S. Open,3_balls,bet365,"Lee, Eric","Uihlein, Peter / Stevens, Sam","3_balls bet365 30035245 11357,25569",4.75,0.2197,0.0437,2026-06-19 05:28:19.005014,4.75,0.2197,2026-06-19 05:28:19.005014,TRUE,FALSE,0,FALSE,0.0435750000000001,2026-06-19 05:28:19.005014,+375,+375
U.S. Open,3_balls,fanduel,"Cantlay, Patrick","Horschel, Billy / Poston, J.T.","3_balls fanduel 15466 11276,21554",2.25,0.4617,0.0389,2026-06-19 05:28:19.005014,2.25,0.4617,2026-06-19 05:28:19.005014,TRUE,FALSE,0,FALSE,0.0388250000000001,2026-06-19 05:28:19.005014,+125,+125
U.S. Open,3_balls,bet365,"Hovland, Viktor","Fitzpatrick, Matt / DeChambeau, Bryson","3_balls bet365 18841 17646,19841",3.75,0.2765,0.037,2026-06-19 05:28:19.005014,3.75,0.2765,2026-06-19 05:28:19.005014,TRUE,FALSE,0,FALSE,0.036875,2026-06-19 05:28:19.005014,+275,+275
U.S. Open,3_balls,betmgm,"Bradley, Keegan","Fowler, Rickie / Berger, Daniel","3_balls betmgm 13872 12965,17606",2.7,0.3831,0.0343,2026-06-19 05:28:19.005014,2.7,0.3831,2026-06-19 05:28:19.005014,TRUE,FALSE,0,FALSE,0.03437,2026-06-19 05:28:19.005014,+170,+170
U.S. Open,3_balls,bet365,"Hojgaard, Nicolai","Echavarria, Nico / MacIntyre, Robert","3_balls bet365 23602 22833,23323",2.9,0.3565,0.0339,2026-06-19 05:28:19.005014,2.9,0.3565,2026-06-19 05:28:19.005014,TRUE,FALSE,0,FALSE,0.0338499999999999,2026-06-19 05:28:19.005014,+190,+190
U.S. Open,round_matchups,bet365,"Morikawa, Collin","MacIntyre, Robert",round_matchups bet365 22085 23323,1.95,0.5298,0.0331,2026-06-19 05:28:19.005014,1.95,0.5298,2026-06-19 05:28:19.005014,TRUE,FALSE,0,FALSE,0.03311,2026-06-19 05:28:19.005014,-105,-105
U.S. Open,3_balls,bet365,"Russell, Miles","Harrington, Padraig / Smith, Cameron","3_balls bet365 32064 15856,5716",3.2,0.3216,0.029,2026-06-19 05:28:19.005014,3.2,0.3216,2026-06-19 05:28:19.005014,TRUE,FALSE,0,FALSE,0.02912,2026-06-19 05:28:19.005014,+220,+220
U.S. Open,3_balls,fanduel,"Thompson, Davis","Puig, David / Stout, Preston","3_balls fanduel 27364 28984,32089",2.8,0.366,0.0247,2026-06-19 05:28:19.005014,2.8,0.366,2026-06-19 05:28:19.005014,TRUE,FALSE,0,FALSE,0.0247999999999999,2026-06-19 05:28:19.005014,+180,+180
U.S. Open,3_balls,betmgm,"Thompson, Davis","Puig, David / Stout, Preston","3_balls betmgm 27364 28984,32089",2.8,0.366,0.0247,2026-06-19 05:28:19.005014,2.8,0.366,2026-06-19 05:28:19.005014,TRUE,FALSE,0,FALSE,0.0247999999999999,2026-06-19 05:28:19.005014,+180,+180
U.S. Open,3_balls,bet365,"Kitayama, Kurt","Reed, Patrick / Novak, Andrew","3_balls bet365 21891 14838,23475",2.7,0.3792,0.0239,2026-06-19 05:28:19.005014,2.7,0.3792,2026-06-19 05:28:19.005014,TRUE,FALSE,0,FALSE,0.0238400000000001,2026-06-19 05:28:19.005014,+170,+170
U.S. Open,3_balls,betmgm,"Mitchell, Keith","McDowell, Graeme / Rodgers, Patrick","3_balls betmgm 17365 16283,7548",2.1,0.4866,0.0219,2026-06-19 05:28:19.005014,2.1,0.4866,2026-06-19 05:28:19.005014,TRUE,FALSE,0,FALSE,0.02186,2026-06-19 05:28:19.005014,+110,+110
U.S. Open,3_balls,fanduel,"Stanger, Jimmy","Yuan, Carl / Wu, Brandon","3_balls fanduel 23048 17266,25213",2.45,0.4168,0.021,2026-06-19 05:28:19.005014,2.45,0.4168,2026-06-19 05:28:19.005014,TRUE,FALSE,0,FALSE,0.0211600000000001,2026-06-19 05:28:19.005014,+145,+145
U.S. Open,round_matchups,draftkings,"Bridgeman, Jacob","Smith, Cameron",round_matchups draftkings 29433 15856,1.79,0.569,0.0206,2026-06-19 05:28:19.005014,1.79,0.569,2026-06-19 05:28:19.005014,TRUE,FALSE,0,FALSE,0.01851,2026-06-19 05:28:19.005014,-127,-127
U.S. Open,3_balls,draftkings,"Schaper, Jayden","Suber, Jackson / Fang, Ethan","3_balls draftkings 26991 29279,34025",2.42,0.4424,0.0707,2026-06-19 13:52:16.43517,2.42,0.4424,2026-06-19 13:52:16.43517,TRUE,FALSE,0,FALSE,0.070608,2026-06-19 13:52:16.43517,+142,+142
U.S. Open,3_balls,draftkings,"Mitchell, Keith","McDowell, Graeme / Rodgers, Patrick","3_balls draftkings 17365 16283,7548",2.15,0.4866,0.0463,2026-06-19 13:52:16.43517,2.15,0.4866,2026-06-19 13:52:16.43517,TRUE,FALSE,0,FALSE,0.04619,2026-06-19 13:52:16.43517,+115,+115
U.S. Open,3_balls,draftkings,"Kim, Si Woo","Hatton, Tyrrell / Burns, Sam","3_balls draftkings 14609 14796,19483",3.05,0.3399,0.0366,2026-06-19 13:52:16.43517,3.05,0.3399,2026-06-19 13:52:16.43517,TRUE,FALSE,0,FALSE,0.0366949999999999,2026-06-19 13:52:16.43517,+205,+205
U.S. Open,3_balls,draftkings,"Bradley, Keegan","Fowler, Rickie / Berger, Daniel","3_balls draftkings 13872 12965,17606",2.7,0.3831,0.0343,2026-06-19 13:52:16.43517,2.7,0.3831,2026-06-19 13:52:16.43517,TRUE,FALSE,0,FALSE,0.03437,2026-06-19 13:52:16.43517,+170,+170
U.S. Open,round_matchups,bet365,"Dumont De Chassart, Adrien","Tibbits, Spencer",round_matchups bet365 22002 26650,1.76,0.6801,0.197,2026-06-20 02:51:28.359796,1.76,0.6801,2026-06-20 02:51:28.359796,TRUE,FALSE,0,FALSE,0.196976,2026-06-20 02:51:28.359796,-132,-132
U.S. Open,round_matchups,bet365,"MacIntyre, Robert","Fleming, Marek",round_matchups bet365 23323 30042928,1.47,0.7816,0.1489,2026-06-20 02:51:28.359796,1.47,0.7816,2026-06-20 02:51:28.359796,TRUE,FALSE,0,FALSE,0.148952,2026-06-20 02:51:28.359796,-213,-213
U.S. Open,round_matchups,draftkings,"McNealy, Maverick","McIlroy, Rory",round_matchups draftkings 18634 10091,2.64,0.4162,0.0986,2026-06-20 02:51:28.359796,2.64,0.4162,2026-06-20 02:51:28.359796,TRUE,FALSE,0,FALSE,0.0987680000000002,2026-06-20 02:51:28.359796,+164,+164
U.S. Open,round_matchups,draftkings,"Harman, Brian","Scheffler, Scottie",round_matchups draftkings 8825 18417,3.6,0.3014,0.085,2026-06-20 02:51:28.359796,3.6,0.3014,2026-06-20 02:51:28.359796,TRUE,FALSE,0,FALSE,0.08504,2026-06-20 02:51:28.359796,+260,+260
U.S. Open,round_matchups,bet365,"Fitzpatrick, Alex","Norgaard, Niklas",round_matchups bet365 25362 15676,1.7,0.6333,0.0766,2026-06-20 02:51:28.359796,1.7,0.6333,2026-06-20 02:51:28.359796,TRUE,FALSE,0,FALSE,0.0766099999999998,2026-06-20 02:51:28.359796,-143,-143
U.S. Open,round_matchups,bet365,"Kitayama, Kurt","Hatton, Tyrrell",round_matchups bet365 21891 14796,2.25,0.4718,0.0615,2026-06-20 02:51:28.359796,2.25,0.4718,2026-06-20 02:51:28.359796,TRUE,FALSE,0,FALSE,0.06155,2026-06-20 02:51:28.359796,+125,+125
U.S. Open,round_matchups,draftkings,"Greyserman, Max","Coody, Pierceson",round_matchups draftkings 23465 28309,1.98,0.5304,0.0504,2026-06-20 02:51:28.359796,1.98,0.5304,2026-06-20 02:51:28.359796,TRUE,FALSE,0,FALSE,0.050192,2026-06-20 02:51:28.359796,-102,-102
U.S. Open,round_matchups,draftkings,"Higgs, Harry","Thomas, Justin",round_matchups draftkings 14140 14139,3.45,0.3012,0.039,2026-06-20 02:51:28.359796,3.45,0.3012,2026-06-20 02:51:28.359796,TRUE,FALSE,0,FALSE,0.0391400000000002,2026-06-20 02:51:28.359796,+245,+245
U.S. Open,round_matchups,draftkings,"Brennan, Michael","Fox, Ryan",round_matchups draftkings 29197 11889,2.06,0.5027,0.0356,2026-06-20 02:51:28.359796,2.06,0.5027,2026-06-20 02:51:28.359796,TRUE,FALSE,0,FALSE,0.0355620000000001,2026-06-20 02:51:28.359796,+106,+106
U.S. Open,round_matchups,draftkings,"Kitayama, Kurt","Hatton, Tyrrell",round_matchups draftkings 21891 14796,1.98,0.5226,0.035,2026-06-20 02:51:28.359796,1.98,0.5226,2026-06-20 02:51:28.359796,TRUE,FALSE,0,FALSE,0.034748,2026-06-20 02:51:28.359796,-102,-102
U.S. Open,round_matchups,bet365,"Surratt, Caleb","Uihlein, Peter",round_matchups bet365 30463 11357,2,0.5166,0.0332,2026-06-20 02:51:28.359796,2,0.5166,2026-06-20 02:51:28.359796,TRUE,FALSE,0,FALSE,0.0331999999999999,2026-06-20 02:51:28.359796,+100,+100
U.S. Open,round_matchups,bet365,"Schauffele, Xander","Fitzpatrick, Matt",round_matchups bet365 19895 17646,2,0.5142,0.0283,2026-06-20 02:51:28.359796,2,0.5142,2026-06-20 02:51:28.359796,TRUE,FALSE,0,FALSE,0.0284,2026-06-20 02:51:28.359796,+100,+100
U.S. Open,round_matchups,bet365,"James, Ben","Van Paris, Jackson",round_matchups bet365 29827 31955,1.72,0.5949,0.0232,2026-06-20 02:51:28.359796,1.72,0.5949,2026-06-20 02:51:28.359796,TRUE,FALSE,0,FALSE,0.023228,2026-06-20 02:51:28.359796,-139,-139
U.S. Open,round_matchups,draftkings,"Rai, Aaron","Conners, Corey",round_matchups draftkings 18554 17576,1.85,0.5535,0.0225,2026-06-20 02:51:28.359796,1.85,0.5535,2026-06-20 02:51:28.359796,TRUE,FALSE,0,FALSE,0.0239750000000001,2026-06-20 02:51:28.359796,-118,-118
U.S. Open,round_matchups,bet365,"McGreevy, Max","Blair, Zac",round_matchups bet365 23505 17639,2,0.5105,0.021,2026-06-20 02:51:28.359796,2,0.5105,2026-06-20 02:51:28.359796,TRUE,FALSE,0,FALSE,0.0209999999999999,2026-06-20 02:51:28.359796,+100,+100
U.S. Open,round_matchups,betmgm,"Harman, Brian","Scheffler, Scottie",round_matchups betmgm 8825 18417,3.7,0.3014,0.1152,2026-06-20 06:58:45.890183,3.7,0.3014,2026-06-20 06:58:45.890183,TRUE,FALSE,0,FALSE,0.11518,2026-06-20 06:58:45.890183,+270,+270
U.S. Open,round_matchups,betmgm,"Greyserman, Max","Coody, Pierceson",round_matchups betmgm 23465 28309,2,0.5304,0.0608,2026-06-20 06:58:45.890183,2,0.5304,2026-06-20 06:58:45.890183,TRUE,FALSE,0,FALSE,0.0608,2026-06-20 06:58:45.890183,+100,+100
U.S. Open,round_matchups,bet365,"Bradley, Keegan","Poston, J.T.",round_matchups bet365 13872 21554,1.91,0.5465,0.0432,2026-06-20 06:58:45.890183,1.91,0.5465,2026-06-20 06:58:45.890183,TRUE,FALSE,0,FALSE,0.0438149999999999,2026-06-20 06:58:45.890183,-110,-110
U.S. Open,round_matchups,caesars,"MacIntyre, Robert","Fleming, Marek",round_matchups caesars 23323 30042928,1.25,0.8321,0.0401,2026-06-20 06:58:45.890183,1.25,0.8321,2026-06-20 06:58:45.890183,TRUE,FALSE,0,FALSE,0.040125,2026-06-20 06:58:45.890183,-400,-400
U.S. Open,round_matchups,bet365,"Henley, Russell","Young, Cameron",round_matchups bet365 14578 26651,2.05,0.5051,0.0355,2026-06-20 06:58:45.890183,2.05,0.5051,2026-06-20 06:58:45.890183,TRUE,FALSE,0,FALSE,0.0354549999999998,2026-06-20 06:58:45.890183,+105,+105
U.S. Open,round_matchups,betmgm,"Brennan, Michael","Fox, Ryan",round_matchups betmgm 29197 11889,2.05,0.5027,0.0306,2026-06-20 06:58:45.890183,2.05,0.5027,2026-06-20 06:58:45.890183,TRUE,FALSE,0,FALSE,0.030535,2026-06-20 06:58:45.890183,+105,+105
U.S. Open,round_matchups,bet365,"Mouw, William","Higgs, Harry",round_matchups bet365 29770 14140,1.74,0.5914,0.0295,2026-06-20 06:58:45.890183,1.74,0.5914,2026-06-20 06:58:45.890183,TRUE,FALSE,0,FALSE,0.0290360000000001,2026-06-20 06:58:45.890183,-135,-135
U.S. Open,round_matchups,betmgm,"Griffin, Ben","Poston, J.T.",round_matchups betmgm 24968 21554,1.83,0.56,0.0248,2026-06-20 06:58:45.890183,1.83,0.56,2026-06-20 06:58:45.890183,TRUE,FALSE,0,FALSE,0.0248000000000002,2026-06-20 06:58:45.890183,-120,-120
U.S. Open,round_matchups,caesars,"Kitayama, Kurt","Hatton, Tyrrell",round_matchups caesars 21891 14796,1.95,0.5226,0.0204,2026-06-20 06:58:45.890183,1.95,0.5226,2026-06-20 06:58:45.890183,TRUE,FALSE,0,FALSE,0.0190699999999999,2026-06-20 06:58:45.890183,-105,-105
U.S. Open,round_matchups,betmgm,"Kitayama, Kurt","Hatton, Tyrrell",round_matchups betmgm 21891 14796,2.05,0.5226,0.0714,2026-06-20 12:12:02.178973,2.05,0.5226,2026-06-20 12:12:02.178973,TRUE,FALSE,0,FALSE,0.0713299999999999,2026-06-20 12:12:02.178973,+105,+105
U.S. Open,round_matchups,betmgm,"Surratt, Caleb","Uihlein, Peter",round_matchups betmgm 30463 11357,1.8,0.5696,0.0253,2026-06-20 12:12:02.178973,1.8,0.5696,2026-06-20 12:12:02.178973,TRUE,FALSE,0,FALSE,0.02528,2026-06-20 12:12:02.178973,-125,-125
U.S. Open,round_matchups,betmgm,"McGreevy, Max","Blair, Zac",round_matchups betmgm 23505 17639,1.8,0.5684,0.0232,2026-06-20 12:12:02.178973,1.8,0.5684,2026-06-20 12:12:02.178973,TRUE,FALSE,0,FALSE,0.02312,2026-06-20 12:12:02.178973,-125,-125
U.S. Open,round_matchups,betmgm,"Spieth, Jordan","Niemann, Joaquin",round_matchups betmgm 14636 18079,1.95,0.5329,0.0391,2026-06-20 14:34:21.323959,1.95,0.5329,2026-06-20 14:34:21.323959,TRUE,FALSE,0,FALSE,0.0391550000000001,2026-06-20 14:34:21.323959,-105,-105
U.S. Open,round_matchups,caesars,"Higgs, Harry","Thomas, Justin",round_matchups caesars 14140 14139,3.4,0.3012,0.0239,2026-06-20 14:34:21.323959,3.4,0.3012,2026-06-20 14:34:21.323959,TRUE,FALSE,0,FALSE,0.0240800000000001,2026-06-20 14:34:21.323959,+240,+240
U.S. Open,round_matchups,draftkings,"Clark, Wyndham","Fitzpatrick, Matt",round_matchups draftkings 23604 17646,2.22,0.461,0.0234,2026-06-20 14:34:21.323959,2.22,0.461,2026-06-20 14:34:21.323959,TRUE,FALSE,0,FALSE,0.0234200000000002,2026-06-20 14:34:21.323959,+122,+122
U.S. Open,round_matchups,draftkings,"Bhatia, Akshay","McIlroy, Rory",round_matchups draftkings 26096 10091,2.92,0.3836,0.12,2026-06-21 02:03:27.197938,2.92,0.3836,2026-06-21 02:03:27.197938,TRUE,FALSE,0,FALSE,0.120112,2026-06-21 02:03:27.197938,+192,+192
U.S. Open,round_matchups,draftkings,"Clark, Wyndham","Scheffler, Scottie",round_matchups draftkings 23604 18417,3.4,0.3244,0.103,2026-06-21 02:03:27.197938,3.4,0.3244,2026-06-21 02:03:27.197938,TRUE,FALSE,0,FALSE,0.10296,2026-06-21 02:03:27.197938,+240,+240
U.S. Open,round_matchups,draftkings,"Griffin, Ben","Hatton, Tyrrell",round_matchups draftkings 24968 14796,2.02,0.5224,0.0552,2026-06-21 02:03:27.197938,2.02,0.5224,2026-06-21 02:03:27.197938,TRUE,FALSE,0,FALSE,0.055248,2026-06-21 02:03:27.197938,+102,+102
U.S. Open,round_matchups,draftkings,"Bridgeman, Jacob","Fleming, Marek",round_matchups draftkings 29433 30042928,1.3,0.8097,0.055,2026-06-21 02:03:27.197938,1.3,0.8097,2026-06-21 02:03:27.197938,TRUE,FALSE,0,FALSE,0.0526100000000001,2026-06-21 02:03:27.197938,-333,-333
U.S. Open,round_matchups,draftkings,"Bradley, Keegan","Conners, Corey",round_matchups draftkings 13872 17576,1.93,0.5373,0.0348,2026-06-21 02:03:27.197938,1.93,0.5373,2026-06-21 02:03:27.197938,TRUE,FALSE,0,FALSE,0.0369889999999999,2026-06-21 02:03:27.197938,-108,-108
U.S. Open,round_matchups,betmgm,"Henley, Russell","Uihlein, Peter",round_matchups betmgm 14578 11357,1.35,0.7631,0.0301,2026-06-21 02:03:27.197938,1.35,0.7631,2026-06-21 02:03:27.197938,TRUE,FALSE,0,FALSE,0.0301850000000001,2026-06-21 02:03:27.197938,-286,-286
U.S. Open,round_matchups,draftkings,"Henley, Russell","Uihlein, Peter",round_matchups draftkings 14578 11357,1.34,0.7631,0.0217,2026-06-21 02:03:27.197938,1.34,0.7631,2026-06-21 02:03:27.197938,TRUE,FALSE,0,FALSE,0.022554,2026-06-21 02:03:27.197938,-294,-294
U.S. Open,round_matchups,bet365,"Van Paris, Jackson","Tibbits, Spencer",round_matchups bet365 31955 26650,1.83,0.6135,0.1247,2026-06-21 07:12:09.470586,1.83,0.6135,2026-06-21 07:12:09.470586,TRUE,FALSE,0,FALSE,0.122705,2026-06-21 07:12:09.470586,-120,-120
U.S. Open,round_matchups,bet365,"Bridgeman, Jacob","Fleming, Marek",round_matchups bet365 29433 30042928,1.48,0.7574,0.118,2026-06-21 07:12:09.470586,1.48,0.7574,2026-06-21 07:12:09.470586,TRUE,FALSE,0,FALSE,0.120952,2026-06-21 07:12:09.470586,-208,-208
U.S. Open,round_matchups,betmgm,"Bhatia, Akshay","McIlroy, Rory",round_matchups betmgm 26096 10091,2.8,0.3836,0.074,2026-06-21 07:12:09.470586,2.8,0.3836,2026-06-21 07:12:09.470586,TRUE,FALSE,0,FALSE,0.0740799999999999,2026-06-21 07:12:09.470586,+180,+180
U.S. Open,round_matchups,betmgm,"Griffin, Ben","Hatton, Tyrrell",round_matchups betmgm 24968 14796,2.05,0.5224,0.0709,2026-06-21 07:12:09.470586,2.05,0.5224,2026-06-21 07:12:09.470586,TRUE,FALSE,0,FALSE,0.0709199999999999,2026-06-21 07:12:09.470586,+105,+105
U.S. Open,round_matchups,betmgm,"Clark, Wyndham","Scheffler, Scottie",round_matchups betmgm 23604 18417,3.25,0.3244,0.0543,2026-06-21 07:12:09.470586,3.25,0.3244,2026-06-21 07:12:09.470586,TRUE,FALSE,0,FALSE,0.0543,2026-06-21 07:12:09.470586,+225,+225
U.S. Open,round_matchups,bet365,"Fitzpatrick, Alex","Conners, Corey",round_matchups bet365 25362 17576,1.9,0.5528,0.0503,2026-06-21 07:12:09.470586,1.9,0.5528,2026-06-21 07:12:09.470586,TRUE,FALSE,0,FALSE,0.0503199999999999,2026-06-21 07:12:09.470586,-111,-111
U.S. Open,round_matchups,caesars,"Canter, Laurie","Thomas, Justin",round_matchups caesars 14795 14139,3,0.35,0.0501,2026-06-21 07:12:09.470586,3,0.35,2026-06-21 07:12:09.470586,TRUE,FALSE,0,FALSE,0.0499999999999998,2026-06-21 07:12:09.470586,+200,+200
U.S. Open,round_matchups,betmgm,"Bradley, Keegan","Conners, Corey",round_matchups betmgm 13872 17576,1.95,0.5373,0.0477,2026-06-21 07:12:09.470586,1.95,0.5373,2026-06-21 07:12:09.470586,TRUE,FALSE,0,FALSE,0.0477350000000001,2026-06-21 07:12:09.470586,-105,-105
U.S. Open,round_matchups,bet365,"Bradley, Keegan","Mitchell, Keith",round_matchups bet365 13872 17365,1.9,0.5513,0.0474,2026-06-21 07:12:09.470586,1.9,0.5513,2026-06-21 07:12:09.470586,TRUE,FALSE,0,FALSE,0.0474699999999999,2026-06-21 07:12:09.470586,-111,-111
U.S. Open,round_matchups,bet365,"Kim, Michael","Blair, Zac",round_matchups bet365 17543 17639,1.74,0.5962,0.0374,2026-06-21 07:12:09.470586,1.74,0.5962,2026-06-21 07:12:09.470586,TRUE,FALSE,0,FALSE,0.037388,2026-06-21 07:12:09.470586,-135,-135
U.S. Open,round_matchups,bet365,"Henley, Russell","Uihlein, Peter",round_matchups bet365 14578 11357,1.48,0.7018,0.036,2026-06-21 07:12:09.470586,1.48,0.7018,2026-06-21 07:12:09.470586,TRUE,FALSE,0,FALSE,0.038664,2026-06-21 07:12:09.470586,-208,-208
U.S. Open,round_matchups,bet365,"Griffin, Ben","Hatton, Tyrrell",round_matchups bet365 24968 14796,2.2,0.4705,0.0352,2026-06-21 07:12:09.470586,2.2,0.4705,2026-06-21 07:12:09.470586,TRUE,FALSE,0,FALSE,0.0351000000000001,2026-06-21 07:12:09.470586,+120,+120
U.S. Open,round_matchups,bet365,"Fox, Ryan","Hidalgo Portillo, Angel",round_matchups bet365 11889 24127,1.72,0.5993,0.0336,2026-06-21 07:12:09.470586,1.72,0.5993,2026-06-21 07:12:09.470586,TRUE,FALSE,0,FALSE,0.030796,2026-06-21 07:12:09.470586,-139,-139
U.S. Open,round_matchups,bet365,"Mouw, William","Norgaard, Niklas",round_matchups bet365 29770 15676,1.91,0.5406,0.032,2026-06-21 07:12:09.470586,1.91,0.5406,2026-06-21 07:12:09.470586,TRUE,FALSE,0,FALSE,0.032546,2026-06-21 07:12:09.470586,-110,-110
U.S. Open,round_matchups,bet365,"Morikawa, Collin","Clark, Wyndham",round_matchups bet365 22085 23604,1.86,0.5526,0.0278,2026-06-21 07:12:09.470586,1.86,0.5526,2026-06-21 07:12:09.470586,TRUE,FALSE,0,FALSE,0.027836,2026-06-21 07:12:09.470586,-116,-116
U.S. Open,round_matchups,bet365,"Rai, Aaron","Im, Sungjae",round_matchups bet365 18554 17488,1.8,0.5681,0.0226,2026-06-21 07:12:09.470586,1.8,0.5681,2026-06-21 07:12:09.470586,TRUE,FALSE,0,FALSE,0.02258,2026-06-21 07:12:09.470586,-125,-125
U.S. Open,round_matchups,caesars,"Fitzpatrick, Matt","Morikawa, Collin",round_matchups caesars 17646 22085,1.95,0.5339,0.0424,2026-06-21 10:49:36.55496,1.95,0.5339,2026-06-21 10:49:36.55496,TRUE,FALSE,0,FALSE,0.0411049999999999,2026-06-21 10:49:36.55496,-105,-105
U.S. Open,round_matchups,bet365,"Bhatia, Akshay","McIlroy, Rory",round_matchups bet365 26096 10091,3.1,0.3481,0.079,2026-06-21 13:03:56.433877,3.1,0.3481,2026-06-21 13:03:56.433877,TRUE,FALSE,0,FALSE,0.07911,2026-06-21 13:03:56.433877,+210,+210
Travelers Championship,tournament_matchups,fanduel,"Poston, J.T.","Hojgaard, Nicolai",tournament_matchups fanduel 21554 23602,1.73,0.623,0.0761,2026-06-22 22:25:43.688215,1.67,0.6077,2026-06-25 08:53:45.803732,TRUE,FALSE,0.0359281437125749,TRUE,0.051321,2026-06-25 13:39:26.636919,-137,-149
Travelers Championship,tournament_matchups,fanduel,"Henley, Russell","McNealy, Maverick",tournament_matchups fanduel 14578 18634,1.73,0.6067,0.0479,2026-06-22 22:25:43.688215,1.53,0.6078,2026-06-25 08:53:45.803732,TRUE,FALSE,0.130718954248366,TRUE,0.0514939999999999,2026-06-25 13:39:26.636919,-137,-189
Travelers Championship,tournament_matchups,caesars,"Gerard, Ryan","Matsuyama, Hideki",tournament_matchups caesars 29767 13562,1.91,0.5486,0.0474,2026-06-22 22:25:43.688215,1.69,0.5488,2026-06-25 13:39:26.636919,TRUE,FALSE,0.130177514792899,TRUE,0.0482079999999998,2026-06-25 13:39:26.636919,-110,-145
Travelers Championship,tournament_matchups,fanduel,"Aberg, Ludvig","Clark, Wyndham",tournament_matchups fanduel 23950 23604,1.73,0.6057,0.0462,2026-06-22 22:25:43.688215,1.62,0.6213,2026-06-25 08:53:45.803732,TRUE,FALSE,0.0679012345679011,TRUE,0.0748489999999999,2026-06-25 13:39:26.636919,-137,-161
Travelers Championship,tournament_matchups,fanduel,"Gerard, Ryan","Matsuyama, Hideki",tournament_matchups fanduel 29767 13562,1.9,0.5486,0.0424,2026-06-22 22:25:43.688215,1.8,0.5488,2026-06-25 08:53:45.803732,TRUE,FALSE,0.0555555555555556,TRUE,0.0427199999999999,2026-06-25 13:39:26.636919,-111,-125
Travelers Championship,tournament_matchups,caesars,"Kitayama, Kurt","Gotterup, Chris",tournament_matchups caesars 21891 27774,1.95,0.531,0.0368,2026-06-22 22:25:43.688215,1.69,0.5415,2026-06-25 13:39:26.636919,TRUE,FALSE,0.153846153846154,TRUE,0.055925,2026-06-25 13:39:26.636919,-105,-145
Travelers Championship,tournament_matchups,fanduel,"Rai, Aaron","Bhatia, Akshay",tournament_matchups fanduel 18554 26096,1.67,0.6192,0.032,2026-06-22 22:25:43.688215,1.53,0.633,2026-06-25 08:53:45.803732,TRUE,FALSE,0.0915032679738561,TRUE,0.05711,2026-06-25 13:39:26.636919,-149,-189
Travelers Championship,tournament_matchups,bet365,"Cantlay, Patrick","McNealy, Maverick",tournament_matchups bet365 15466 18634,1.8,0.573,0.0315,2026-06-22 22:25:43.688215,1.7,0.5754,2026-06-25 13:39:26.636919,TRUE,FALSE,0.0588235294117647,TRUE,0.03572,2026-06-25 13:39:26.636919,-125,-143
Travelers Championship,tournament_matchups,betmgm,"Lee, Min Woo","Harman, Brian",tournament_matchups betmgm 16841 8825,2,0.5152,0.0305,2026-06-22 22:25:43.688215,2,0.5231,2026-06-25 13:39:26.636919,TRUE,FALSE,0,FALSE,0.0462,2026-06-25 13:39:26.636919,+100,+100
Travelers Championship,tournament_matchups,fanduel,"Lee, Min Woo","Knapp, Jake",tournament_matchups fanduel 16841 19396,1.73,0.593,0.0243,2026-06-22 22:25:43.688215,1.67,0.594,2026-06-25 08:53:45.803732,TRUE,FALSE,0.0359281437125749,TRUE,0.02762,2026-06-25 13:39:26.636919,-137,-149
Travelers Championship,tournament_matchups,draftkings,"Spaun, J.J.","Clark, Wyndham",tournament_matchups draftkings 17536 23604,1.94,0.5354,0.0405,2026-06-23 20:25:50.450596,1.94,0.5354,2026-06-25 13:39:26.636919,TRUE,FALSE,0,FALSE,0.0386759999999999,2026-06-25 13:39:26.636919,-106,-106
Travelers Championship,tournament_matchups,caesars,"Bhatia, Akshay","Rai, Aaron",tournament_matchups caesars 26096 18554,2.8,0.367,0.0276,2026-06-23 20:25:50.450596,2.7,0.367,2026-06-25 13:39:26.636919,TRUE,FALSE,0.037037037037037,TRUE,0.0275999999999998,2026-06-25 13:39:26.636919,+180,+170
Travelers Championship,tournament_matchups,draftkings,"Cauley, Bud","Theegala, Sahith",tournament_matchups draftkings 14502 23014,1.78,0.5765,0.0269,2026-06-23 20:25:50.450596,1.78,0.5765,2026-06-25 13:39:26.636919,TRUE,FALSE,0,FALSE,0.02617,2026-06-25 13:39:26.636919,-128,-128
Travelers Championship,tournament_matchups,draftkings,"Kim, Si Woo","Burns, Sam",tournament_matchups draftkings 14609 19483,1.83,0.5582,0.0233,2026-06-23 20:25:50.450596,1.83,0.5582,2026-06-25 13:39:26.636919,TRUE,FALSE,0,FALSE,0.021506,2026-06-25 13:39:26.636919,-120,-120
Travelers Championship,tournament_matchups,betmgm,"Thomas, Justin","Clark, Wyndham",tournament_matchups betmgm 14139 23604,1.85,0.5514,0.0201,2026-06-23 20:25:50.450596,1.85,0.5514,2026-06-25 13:39:26.636919,TRUE,FALSE,0,FALSE,0.0200899999999999,2026-06-25 13:39:26.636919,-118,-118
Travelers Championship,tournament_matchups,fanduel,"Woodland, Gary","Theegala, Sahith",tournament_matchups fanduel 12577 23014,1.9,0.5561,0.0565,2026-06-23 22:02:37.922929,1.8,0.5561,2026-06-25 08:53:45.803732,TRUE,FALSE,0.0555555555555556,TRUE,0.0565899999999999,2026-06-25 13:39:26.636919,-111,-125
Travelers Championship,tournament_matchups,caesars,"Hojgaard, Nicolai","Poston, J.T.",tournament_matchups caesars 23602 21554,2.65,0.3923,0.0395,2026-06-23 22:02:37.922929,2.3,0.3923,2026-06-25 13:39:26.636919,TRUE,FALSE,0.152173913043478,TRUE,0.0395949999999998,2026-06-25 13:39:26.636919,+165,+130
Travelers Championship,tournament_matchups,fanduel,"Kitayama, Kurt","Gotterup, Chris",tournament_matchups fanduel 21891 27774,1.91,0.5415,0.0337,2026-06-23 22:02:37.922929,1.8,0.5415,2026-06-25 08:53:45.803732,TRUE,FALSE,0.0611111111111111,TRUE,0.034265,2026-06-25 13:39:26.636919,-110,-125
Travelers Championship,round_matchups,betmgm,"McCarty, Matt","Fox, Ryan",round_matchups betmgm 28635 11889,2.15,0.4812,0.0346,2026-06-24 14:17:29.449727,2.15,0.4812,2026-06-25 13:39:26.636919,TRUE,FALSE,0,FALSE,0.0345800000000001,2026-06-25 13:39:26.636919,+115,+115
Travelers Championship,round_matchups,betmgm,"Hisatsune, Ryo","Mitchell, Keith",round_matchups betmgm 22760 17365,2.15,0.4787,0.0291,2026-06-24 14:17:29.449727,2.1,0.4787,2026-06-25 13:39:26.636919,TRUE,FALSE,0.0238095238095237,TRUE,0.0292049999999999,2026-06-25 13:39:26.636919,+115,+110
Travelers Championship,round_matchups,fanduel,"Kim, Si Woo","McCarthy, Denny",round_matchups fanduel 14609 19870,1.5,0.6837,0.0255,2026-06-24 14:17:29.449727,1.5,0.6837,2026-06-25 13:39:26.636919,TRUE,FALSE,0,FALSE,0.02555,2026-06-25 13:39:26.636919,-200,-200
Travelers Championship,tournament_matchups,fanduel,"Schauffele, Xander","Scheffler, Scottie",tournament_matchups fanduel 19895 18417,3.25,0.3352,0.0893,2026-06-24 20:22:10.432918,2.88,0.3352,2026-06-25 08:53:45.803732,TRUE,FALSE,0.128472222222222,TRUE,0.0893999999999999,2026-06-25 13:39:26.636919,+225,+188
Travelers Championship,tournament_matchups,caesars,"Schauffele, Xander","Scheffler, Scottie",tournament_matchups caesars 19895 18417,3.05,0.3352,0.0223,2026-06-24 20:22:10.432918,2.9,0.3352,2026-06-25 13:39:26.636919,TRUE,FALSE,0.0517241379310345,TRUE,0.0223599999999999,2026-06-25 13:39:26.636919,+205,+190
Travelers Championship,round_matchups,caesars,"Kim, Si Woo","McCarthy, Denny",round_matchups caesars 14609 19870,1.5,0.6837,0.0255,2026-06-24 21:58:24.921348,1.5,0.6837,2026-06-25 13:39:26.636919,TRUE,FALSE,0,FALSE,0.02555,2026-06-25 13:39:26.636919,-200,-200
Travelers Championship,tournament_matchups,caesars,"Rose, Justin","Harman, Brian",tournament_matchups caesars 6093 8825,2.05,0.5034,0.0319,2026-06-25 11:37:14.249542,2.05,0.5034,2026-06-25 13:39:26.636919,TRUE,FALSE,0,FALSE,0.0319699999999998,2026-06-25 13:39:26.636919,+105,+105
Travelers Championship,tournament_matchups,caesars,"Kim, Si Woo","Cantlay, Patrick",tournament_matchups caesars 14609 15466,1.95,0.5254,0.0258,2026-06-25 11:37:14.249542,1.95,0.5254,2026-06-25 13:39:26.636919,TRUE,FALSE,0,FALSE,0.0245299999999999,2026-06-25 13:39:26.636919,-105,-105
Travelers Championship,round_matchups,draftkings,"Gerard, Ryan","Knapp, Jake",round_matchups draftkings 29767 19396,1.88,0.5707,0.0713,2026-06-25 23:48:05.582736,1.88,0.5707,2026-06-25 23:48:05.582736,TRUE,FALSE,0,FALSE,0.072916,2026-06-25 23:48:05.582736,-114,-114
Travelers Championship,round_matchups,bet365,"Scott, Adam","Bhatia, Akshay",round_matchups bet365 6430 26096,2.3,0.4558,0.0483,2026-06-25 23:48:05.582736,2.3,0.4558,2026-06-25 23:48:05.582736,TRUE,FALSE,0,FALSE,0.0483399999999998,2026-06-25 23:48:05.582736,+130,+130
Travelers Championship,round_matchups,betmgm,"Spaun, J.J.","Gotterup, Chris",round_matchups betmgm 17536 27774,1.85,0.5649,0.0451,2026-06-25 23:48:05.582736,1.85,0.5649,2026-06-25 23:48:05.582736,TRUE,FALSE,0,FALSE,0.0450649999999999,2026-06-25 23:48:05.582736,-118,-118
Travelers Championship,round_matchups,betmgm,"Gerard, Ryan","Knapp, Jake",round_matchups betmgm 29767 19396,1.83,0.5707,0.0443,2026-06-25 23:48:05.582736,1.83,0.5707,2026-06-25 23:48:05.582736,TRUE,FALSE,0,FALSE,0.044381,2026-06-25 23:48:05.582736,-120,-120
Travelers Championship,round_matchups,draftkings,"Spaun, J.J.","Gotterup, Chris",round_matchups draftkings 17536 27774,1.85,0.5649,0.0436,2026-06-25 23:48:05.582736,1.85,0.5649,2026-06-25 23:48:05.582736,TRUE,FALSE,0,FALSE,0.0450649999999999,2026-06-25 23:48:05.582736,-118,-118
Travelers Championship,round_matchups,betmgm,"Im, Sungjae","Bridgeman, Jacob",round_matchups betmgm 17488 29433,2.1,0.4957,0.0409,2026-06-25 23:48:05.582736,2.1,0.4957,2026-06-25 23:48:05.582736,TRUE,FALSE,0,FALSE,0.04097,2026-06-25 23:48:05.582736,+110,+110
Travelers Championship,round_matchups,betmgm,"Echavarria, Nico","Matsuyama, Hideki",round_matchups betmgm 22833 13562,2.3,0.4499,0.0348,2026-06-25 23:48:05.582736,2.3,0.4499,2026-06-25 23:48:05.582736,TRUE,FALSE,0,FALSE,0.03477,2026-06-25 23:48:05.582736,+130,+130
Travelers Championship,round_matchups,bet365,"Kim, Si Woo","McCarthy, Denny",round_matchups bet365 14609 19870,1.7,0.6086,0.0346,2026-06-25 23:48:05.582736,1.7,0.6086,2026-06-25 23:48:05.582736,TRUE,FALSE,0,FALSE,0.0346200000000001,2026-06-25 23:48:05.582736,-143,-143
Travelers Championship,round_matchups,fanduel,"English, Harris","Straka, Sepp",round_matchups fanduel 14577 17511,1.8,0.5729,0.0312,2026-06-25 23:48:05.582736,1.8,0.5729,2026-06-25 23:48:05.582736,TRUE,FALSE,0,FALSE,0.03122,2026-06-25 23:48:05.582736,-125,-125
Travelers Championship,round_matchups,betmgm,"Cauley, Bud","Hovland, Viktor",round_matchups betmgm 14502 18841,2.1,0.489,0.0268,2026-06-25 23:48:05.582736,2.1,0.489,2026-06-25 23:48:05.582736,TRUE,FALSE,0,FALSE,0.0268999999999999,2026-06-25 23:48:05.582736,+110,+110
Travelers Championship,round_matchups,draftkings,"Henley, Russell","Young, Cameron",round_matchups draftkings 14578 26651,1.98,0.5184,0.0266,2026-06-25 23:48:05.582736,1.98,0.5184,2026-06-25 23:48:05.582736,TRUE,FALSE,0,FALSE,0.026432,2026-06-25 23:48:05.582736,-102,-102
Travelers Championship,round_matchups,betmgm,"Lee, Min Woo","Hojgaard, Nicolai",round_matchups betmgm 16841 23602,1.75,0.586,0.0255,2026-06-25 23:48:05.582736,1.75,0.586,2026-06-25 23:48:05.582736,TRUE,FALSE,0,FALSE,0.0254999999999999,2026-06-25 23:48:05.582736,-133,-133
Travelers Championship,round_matchups,draftkings,"McCarty, Matt","Fox, Ryan",round_matchups draftkings 28635 11889,2,0.5106,0.0211,2026-06-25 23:48:05.582736,2,0.5106,2026-06-25 23:48:05.582736,TRUE,FALSE,0,FALSE,0.0212000000000001,2026-06-25 23:48:05.582736,+100,+100
Travelers Championship,round_matchups,draftkings,"English, Harris","Straka, Sepp",round_matchups draftkings 14577 17511,1.78,0.5729,0.0204,2026-06-25 23:48:05.582736,1.78,0.5729,2026-06-25 23:48:05.582736,TRUE,FALSE,0,FALSE,0.0197620000000001,2026-06-25 23:48:05.582736,-128,-128
Travelers Championship,round_matchups,betmgm,"Snedeker, Brandt","Hall, Harry",round_matchups betmgm 8820 27194,2.15,0.4745,0.0201,2026-06-25 23:48:05.582736,2.15,0.4745,2026-06-25 23:48:05.582736,TRUE,FALSE,0,FALSE,0.0201749999999998,2026-06-25 23:48:05.582736,+115,+115
Travelers Championship,round_matchups,bet365,"Kitayama, Kurt","Mitchell, Keith",round_matchups bet365 21891 17365,1.95,0.5468,0.0663,2026-06-26 02:50:56.939461,1.95,0.5468,2026-06-26 02:50:56.939461,TRUE,FALSE,0,FALSE,0.06626,2026-06-26 02:50:56.939461,-105,-105
Travelers Championship,round_matchups,bet365,"Fleetwood, Tommy","Scheffler, Scottie",round_matchups bet365 12294 18417,2.6,0.4017,0.0445,2026-06-26 02:50:56.939461,2.6,0.4017,2026-06-26 02:50:56.939461,TRUE,FALSE,0,FALSE,0.0444200000000001,2026-06-26 02:50:56.939461,+160,+160
Travelers Championship,round_matchups,bet365,"Rai, Aaron","Griffin, Ben",round_matchups bet365 18554 24968,1.9,0.5428,0.0313,2026-06-26 02:50:56.939461,1.9,0.5428,2026-06-26 02:50:56.939461,TRUE,FALSE,0,FALSE,0.0313199999999998,2026-06-26 02:50:56.939461,-111,-111
Travelers Championship,round_matchups,bet365,"Morikawa, Collin","Thomas, Justin",round_matchups bet365 22085 14139,2,0.5103,0.0206,2026-06-26 02:50:56.939461,2,0.5103,2026-06-26 02:50:56.939461,TRUE,FALSE,0,FALSE,0.0206,2026-06-26 02:50:56.939461,+100,+100
Travelers Championship,round_matchups,bet365,"Pendrith, Taylor","Bhatia, Akshay",round_matchups bet365 17780 26096,2.4,0.4446,0.0671,2026-06-26 06:51:35.579504,2.4,0.4446,2026-06-26 06:51:35.579504,TRUE,FALSE,0,FALSE,0.06704,2026-06-26 06:51:35.579504,+140,+140
Travelers Championship,round_matchups,bet365,"Matsuyama, Hideki","Reitan, Kristoffer",round_matchups bet365 13562 21407,2.15,0.4878,0.0488,2026-06-26 06:51:35.579504,2.15,0.4878,2026-06-26 06:51:35.579504,TRUE,FALSE,0,FALSE,0.04877,2026-06-26 06:51:35.579504,+115,+115
Travelers Championship,round_matchups,bet365,"Woodland, Gary","Harman, Brian",round_matchups bet365 12577 8825,2.2,0.4746,0.044,2026-06-26 06:51:35.579504,2.2,0.4746,2026-06-26 06:51:35.579504,TRUE,FALSE,0,FALSE,0.0441200000000002,2026-06-26 06:51:35.579504,+120,+120
Travelers Championship,round_matchups,bet365,"Henley, Russell","Cantlay, Patrick",round_matchups bet365 14578 15466,2.1,0.4941,0.0375,2026-06-26 06:51:35.579504,2.1,0.4941,2026-06-26 06:51:35.579504,TRUE,FALSE,0,FALSE,0.0376099999999999,2026-06-26 06:51:35.579504,+110,+110
Travelers Championship,round_matchups,bet365,"Lee, Min Woo","Theegala, Sahith",round_matchups bet365 16841 23014,2.15,0.5024,0.0801,2026-06-27 01:31:54.922173,2.15,0.5024,2026-06-27 01:31:54.922173,TRUE,FALSE,0,FALSE,0.0801599999999998,2026-06-27 01:31:54.922173,+115,+115
Travelers Championship,round_matchups,fanduel,"Harman, Brian","Schauffele, Xander",round_matchups fanduel 8825 19895,2.5,0.4302,0.0756,2026-06-27 01:31:54.922173,2.5,0.4302,2026-06-27 01:31:54.922173,TRUE,FALSE,0,FALSE,0.0755000000000001,2026-06-27 01:31:54.922173,+150,+150
Travelers Championship,round_matchups,draftkings,"Glover, Lucas","Straka, Sepp",round_matchups draftkings 7399 17511,2.4,0.4419,0.0606,2026-06-27 01:31:54.922173,2.4,0.4419,2026-06-27 01:31:54.922173,TRUE,FALSE,0,FALSE,0.06056,2026-06-27 01:31:54.922173,+140,+140
Travelers Championship,round_matchups,draftkings,"Morikawa, Collin","Gotterup, Chris",round_matchups draftkings 22085 27774,1.78,0.5794,0.0321,2026-06-27 01:31:54.922173,1.78,0.5794,2026-06-27 01:31:54.922173,TRUE,FALSE,0,FALSE,0.0313320000000001,2026-06-27 01:31:54.922173,-128,-128
Travelers Championship,round_matchups,fanduel,"Snedeker, Brandt","Poston, J.T.",round_matchups fanduel 8820 21554,2.62,0.3926,0.0306,2026-06-27 01:31:54.922173,2.62,0.3926,2026-06-27 01:31:54.922173,TRUE,FALSE,0,FALSE,0.0286120000000001,2026-06-27 01:31:54.922173,+162,+162
Travelers Championship,round_matchups,draftkings,"Fitzpatrick, Alex","Suber, Jackson",round_matchups draftkings 25362 29279,1.66,0.6196,0.0273,2026-06-27 01:31:54.922173,1.66,0.6196,2026-06-27 01:31:54.922173,TRUE,FALSE,0,FALSE,0.0285360000000001,2026-06-27 01:31:54.922173,-152,-152
Travelers Championship,round_matchups,draftkings,"McNealy, Maverick","Rose, Justin",round_matchups draftkings 18634 6093,1.93,0.5323,0.0252,2026-06-27 01:31:54.922173,1.93,0.5323,2026-06-27 01:31:54.922173,TRUE,FALSE,0,FALSE,0.027339,2026-06-27 01:31:54.922173,-108,-108
Travelers Championship,round_matchups,betmgm,"Hovland, Viktor","Scheffler, Scottie",round_matchups betmgm 18841 18417,2.9,0.3532,0.0243,2026-06-27 01:31:54.922173,2.9,0.3532,2026-06-27 01:31:54.922173,TRUE,FALSE,0,FALSE,0.0242800000000001,2026-06-27 01:31:54.922173,+190,+190
Travelers Championship,round_matchups,draftkings,"Harman, Brian","Schauffele, Xander",round_matchups draftkings 8825 19895,2.38,0.4302,0.024,2026-06-27 01:31:54.922173,2.38,0.4302,2026-06-27 01:31:54.922173,TRUE,FALSE,0,FALSE,0.023876,2026-06-27 01:31:54.922173,+138,+138
Travelers Championship,round_matchups,bet365,"Henley, Russell","Finau, Tony",round_matchups bet365 14578 11676,1.75,0.5829,0.02,2026-06-27 01:31:54.922173,1.75,0.5829,2026-06-27 01:31:54.922173,TRUE,FALSE,0,FALSE,0.0200749999999998,2026-06-27 01:31:54.922173,-133,-133
